{
    "id": "110",
    "nombre": "HIPIAS MENOR - Platon.epub",
    "fecha_generado": "2025-05-29",
    "Categoria": "HIPIAS MENOR",
    "texto": "Platón\nHIPIAS MENOR\nINTRODUCCIÓN\nAunque el estilo de Platón es evidente en to-do el diálogo, no cabe duda de que la estruc-tura, el planteamiento y la argumentación siguen el esquema socrático. No obstante, en ningún otro diálogo la discusión ha sido lleva-da al absurdo hasta el punto que lo ha sido aquí. Quizá la poca apreciación que Platón sentía por Hipias le indujera a mostrar la de-bilidad con que el sofista podía abordar una discusión razonada. Aun así, no deja de ser un problema el desvío de la lógica con el que procede el desarrollo del diálogo.\nParece evidente que Hipias gozaba de consideración entre sus contemporáneos. Las mismas referencias platónicas que le suelen poner en ridículo por su vanidad dejan ver, sin embargo, la imagen de un hombre alta-mente interesado en adquirir conocimientos y esforzándose en ello. Lo que sin duda no po-seía, como vemos también en otras ocasiones, era una escala de valores a la que suje-tarse para la adquisición de estos conocimientos.\nEl diálogo se abre, sin fijar en qué lugar con-creto se produce y sin ninguna orientación de tipo temporal, tras una conferencia (llamé-\nmoslo así) que acaba de pronunciar Hipias.\nHa hablado acerca de Homero. Al terminar, el público se ha ido ausentando y quedan reza-gados unos pocos, a los que naturalmente se les supone más interesados en el tema. Invi-tado Sócrates por Éudico, el discípulo ate-niense de Hipias, a hacerle preguntas a éste, da principio el diálogo. Pero, antes de entrar en materia, el sofista da muestra de su vanidad, asunto sobre el que se va a insistir pos-teriormente con frecuencia hasta llegar a las manifestaciones de omnisa piencia y autosu-ficiencia de 368b-c.\nLa discusión se centra en saber a quién ha hecho mejor Homero, a Aquiles o a Odiseo.\nPero como no se distingue entre «mejor», en sentido moral, de otras acepciones de la palabra «mejor», la discusión se extrema en una falta de lógica que Hipias no llega a cap-tar. El diálogo termina sin haber encontrado una salida adecuada. Sin embargo, sí que hay una dura crítica al modo de saber del sofista.\nEs incapaz de encontrar una solución a un problema aparentemente sencillo. Sócrates dice que tampoco él puede admitir la conclusión a la que han abocado los razonamientos, que él unas veces se inclina a una parte y otras, a otra. Pero es natural, dice, que así le suceda a él o a cualquier hombre inexperto.\nLo grave es que los sabios vacilen igualmente y no encuentren solución. Todo este tipo de diálogos en que se busca una definición sin alcanzar un fin envuelven, en el fondo, la misma crítica a la incapacidad de la sofistica para desvelar y definir un concepto en un tema dado, aunque en este caso se añade también el problema del intelectualismo ético de Sócrates.\nEs frecuente, en los diálogos platónicos en que aparecen sofistas destacados, caracteri-zar a éstos por su actividad más determinan-te y, en ocasiones y aislada mente, por la imitación de su estilo. En el Hipias Me nor esta ambientación es doble, puesto que el diálogo desarrolla, en principio, un tema preferido por Hipias y, además, se produce precisa-mente a consecuencia de que él acaba de tratar públicamente sobre el carácter de algunos personajes homéricos. La actividad de Hipias en los más diferentes campos del saber, consecuencia de su connatural inclina-ción a saber de todo antes que a conocer algo bien, no debe oscurecer la realidad de que, con el estudio de los personajes literarios, comenzaba una actividad intelectual nueva cuyo encauzamiento por vías más seguras tardaría poco en llegar. En ellas estaban en germen los comienzos de la historia de la literatura. No es Hipias el único sofista que se ha ocupado de estos temas, pero quizá lo ha hecho con mayor insistencia.\nSi el diálogo se presenta como un deseo de Sócrates de aclarar algunos puntos que dice no haber comprendido bien durante la exposición de Hipias, lo cierto es que esto sólo es un pretexto para llevar la discusión a un campo muy distinto del de las ingenuas manifestaciones que el sofista hubiera podido ex-presar. Una afirmación de Hipias admitida por todo el mundo es negada por Sócrates, pri-mero en el mismo campo en el que Hipias trataba estos temas, es decir, aportando un texto del que se pueda inferir lo contrario.\nPero a continuación se entra en una discusión que ya nada tiene que ver con textos ni personajes literarios. Tras una serie de razonamientos queda sentado que aquel que técni-camente es capaz de hacer bien una cosa es, sin duda, el más capacitado para hacerla mal, pues sólo él, si quiere hacerla mal, la hará mal sin error, a diferencia del inexperto que por casualidad podría hacerla bien alguna vez. Extrapolando este razonamiento al ámbi-to moral se llegará a decir, en 376b, que\n«...es propio del hombre bueno cometer injusticia voluntariamente y del malo, hacerlo invoIuntariamente». Aunque, como ya se ha dicho, tampoco Sócrates admite esta conclusión, no lo admite más que por intuición, ya que los razonamientos, único apoyo de Sócrates en la búsqueda de la verdad, le han llevado a esa conclusión. Ésa es la aporía del diálogo: lo que los razonamientos han de-mostrado no lo puede admitir una consideración objetiva de puro sentido común. Platón se debate aquí todavía en los problemas del pensamiento socrático. Se mezclan los ámbi-tos del conocimiento y la moral y prevalece el espíritu dialéctico.\nNOTA SOBRE EL TEXTO\nLa traducción se ha llevado a cabo sobre el texto de BURNET, Platonis Opera, vol. III, 1903 (reimpresión, 1974).\nHIPIAS MENOR\nÉUDICO, SÓCRATES, HIPIAS\nÉUDIC\n36 O\n3 .\na - Tú, Sócrates, ¿por qué guardas silencio tras esta exposición de Hipias que ha tratado de tantas cosas, y no te unes a nuestra alabanza de lo tratado o refutas algo, si crees que no ha sido bien dicho? Sobre todo, cuando nos hemos quedado solos los que pretendemos especialmente interesarnos en emplear nuestro tiempo en la filosofía.\nSÓCRATES. -Ciertamente, Éudico, hay algunos puntos, de los que ahora Hipias ha hablado acerca de Homero, sobre los que yo le pregunta\nb ría. En efecto, yo he oído decir a tu padre, Apemanto, que la Ilíada era un poema de Homero más bello que la Odisea, tanto más bello, cuanto mejor era Aquiles que Odiseo. Decía, en efecto, que los dos poemas habían sido compuestos, el uno en honor de Odiseo, el otro en honor de Aquiles.\nSobre este tema, si Hipias está dispuesto a ello, me gustaría preguntarle qué piensa él de estos dos hombres, cuál de los dos dice que es mejor, ya que nos ha expuesto otras muchas ideas de todo tipo sobre los poetas y en especial sob\nc re Homero.\nÉUD. -Es evidente que Hipias no rehusará responderte, si le preguntas algo. ¿No es cierto, Hipias, que si Sócrates te hace alguna pregunta, tú le responderás? ¿O qué harás?\nHIPIAS. -Ciertamente, Éudico, obraría yo de modo inconsecuente, si, yendo siempre desde Élide, mi lugar de residencia, a Olim-d\npia, a la fiesta solemne de los griegos, cuando se celebran las Olimpíadas, allí en el santuario me ofrezco a ampliar, cuando alguien lo quiere, lo que he preparado para mi exposición y a contestar a lo que cualquiera desee pregunta me, y ahora evitara las preguntas de Sócrates.\nSóc. -Gozas de una situación feliz, Hipias, si en cada Olimpiada entras en el santuario tan lleno de confianza en la disposición de tu espíritu para la sabiduría. Me causaría extra-\nñeza que alguno de los atletas de ejercicios corporales entrara allí para luchar tan confia-do y seguro en su cuerpo como tú aseguras que lo estás en tu mente.\nHip. - Es natural, Sócrates, que tenga esta confianza. En efecto, desde que he empezado a concurrir a Olimpia, nunca he encontrado a nadie super\nb ior a mí en nada.\nSóc. -Dices bien Hipias. Tu fama es una ofrenda de sabiduría para la ciudad de los eleos y para tus padres. Pero, por otra parte„\n¿qué nos dices de Aquiles y de Odiseo?\n¿Quién de los dos dices que es mejor y por qué? Cuando estábamos ahí dentro muchos y c\ntú estabas haciendo tu exposición, perdí un poco tus palabras. No me atreví a preguntar porque había mucha gente y para no inte-rrumpir tu discurso preguntando. Ahora, puesto que somos unos pocos y me invita Éudico a preguntarte, dinos y explícanos con claridad qué decías acerca de estos dos hombres. ¿Cómo los juzgas?\nHip. -Bueno, Sócrates, quiero exponer aún con más claridad que antes lo que yo digo acerca de éstos y de otros. En efecto, afirmo que Homero ha hecho a Aquiles el más va-liente de los que fueron a Troya, a Néstor el más sabio, y a Odiseo el más astuto.\nSóc. -¡Vaya, Hipias! ¿Podrías, por favor, no reírte de mí, si comprendo con dificultad lo d\nque dices y te pregunto repetidamente? Intenta contestarme afable y complacientemen-te.\nHip. -Sería vergonzoso, Sócrates, que yo enseñe estas mismas cosas a otros y estime justo recibir dinero por ello, y ahora, al ser preguntado por ti, no tuviera consideración y no contestara tranquilamente.\nSóc. -Muy bien. En efecto, yo, cuando de-cías que Homero había hecho a Aquiles el más valient\ne e, me parecía que entendía lo que decías, y también que había hecho a Néstor el más sabio. Pero, cuando dijiste que el poeta había hecho a Odiseo el más astuto, para decirte la verdad, no supe en absoluto qué querías decir. Por si partiendo de aquí lo en-tiendo mejor, dime. ¿No ha hecho Homero a Aquiles astuto?\nHip. - En absoluto, Sócrates, sino el más simple y veraz. Porque en las Súplicas, cuando hace que hablen entre ellos, dice Aquiles a Odiseo:\n«Laer\n3 t6ía\n5 d\na a descendiente de Zeus, Odiseo rico en recursos, es preciso decir las palabras directamente como yo las llevaré a cabo y como piens\nb o\nque se cumplirán. Es mi enemigo, como las puertas del Hades, el que oculta en la mente una cosa y dice otra. Pero yo voy a hablar tal como seré realizado.»\nEn estas palabras muestra el modo de ser de cada uno de ellos, cómo Aquiles es veraz y simple, y Odiseo es astuto y mentiroso. Hace, en efecto, que Aquiles dirija estas palabras a Odiseo.\nSóc. -Ahora ya, Hipias, es probable que entienda lo que dices. Según parece, llamas al astuto m\nc e\nntiroso.\nHip. -Exactamente, Sócrates; pues de esta condición ha hecho Homero a Odiseo en muchas partes de la Ilíada y de la Odisea.\nSóc. -Luego, según parece, para Homero una cosa era el hombre veraz, y otra distinta, pero no la misma, el hombre mentiroso.\nHip. -¿Cómo no va a ser así, Sócrates?\nSóc. - ¿Piensas tú lo mismo, Hipias?\nHip. -Sin ninguna duda. Sería extraño que no lo pensa\nd r\na.\nSóc. -Pues bien, dejemos a Homero, puesto que es imposible preguntarle qué pensaba al escribir estos versos. Pero tú, puesto que parece que aceptas su causa y que estás de acuerdo con lo que afirmas que Homero dice, contesta conjuntamente en nombre de Homero y en el tuyo.\nHip. -Así será, pero pregunta con brevedad lo que quieras.\nSóc. -¿Dices que los mentirosos son incapaces de hacer algo, como los enfermos, o bien que son capaces?\nHip. -Capaces, afirmo, y en gran medida, para muchas cosas y especialmente para en-gañar a los hombres.\nSóc. - Según parece, los astutos con arre-e\nglo a tus palabras, son capaces. ¿Es así?\nHip. -Sí.\nSóc. -¿Los astutos son engañadores por simplicidad e insensatez, o bien por malicia e inteligencia?\nHip. -Por malicia especialmente y por inteligencia.\nSóc. -Luego son inteligentes, según parece.\nHip. - Sí, por Zeus, y mucho.\nSóc. -¿Siendo inteligentes, no saben lo que hacen, o sí lo saben?\nHip. -Lo saben muy bien; por eso obran mal.\nSóc. -Si saben lo que saben, ¿son ignorantes o conocedores?\nHip. - Conocedores, en efecto, al menos 366a\nrespecto a eso, a engañar.\nSóc. -Veamos, pues. Recapitulemos lo que dices. ¿Afirmas que los mentirosos son capaces, inteligentes, conocedores y hábiles para aquello para lo que son mentirosos?\nHip. - Lo afirmo, ciertamente.\nSóc. -¿Los veraces y los mentirosos son individuos distintos, incluso muy contrarios unos a otros?\nHip. -Eso digo.\nSóc. -Veamos; resulta que, según tus palabras, los mentirosos son personas capaces y hábiles.\nHip. - Sin duda.\nSóc. -Cuando dices que los mentirosos son b\ncapaces y hábiles, ¿acaso dices que son capaces, si quieren, de engañar en aquello en lo que engañan, o bien que no son capaces?\nHip. -Que son capaces.\nSóc. -Para decirlo sumariamente; los mentirosos son los capaces y hábiles para mentir.\nHip. -Sí.\nSóc. -Luego un hombre sin capacidad para mentir e ignorante no podría ser mentiroso.\nHip. -Así es.\nSóc. -Así pues, es capaz el que hace lo que c\nquiere cuando quiere; no hablo de los impe-didos por enfermedad o causas semejantes.\nTú eres capaz de escribir mi nombre cuando quieras; estas situaciones son las que yo di-go. ¿No llamas tú capaz al que es así?\nHip. - Sí.\nSóc. -Dime, Hipias: ¿no eres tú experto en cuentas y en cálculo?\nHip. -Más que nadie, Sócrates.\nSóc. -¿No es cierto que, si alguien te pre-guntara qué cifra dan setecientos por tres, tú d\npodrías, si quisieras, decir la verdad sobre esto con rapidez y exactitud?\nHip. - Ciertamente.\nSóc. - ¿Acaso porque eres el más capaz y el más hábil en esto?\nHip. - Sí.\nSóc. -¿Acaso eres el más hábil y el más capaz solamente, o también, el mejor, en lo que eres el más capaz y el más hábil, en el cálculo?\nHip. -También el mejor, Sócrates.\nSóc. -Tú podrías decir la verdad sobre esto con la mayor capacidad. ¿No es así?\nHip. -Así lo pienso.\nSóc. -¿Y la mentira acerca de estas mis-e\nmas cosas? Respóndeme, Hipias, honrada y generosamente, como hasta ahora. Si alguien te pregunta cuánto dan setecientos por tres,\n¿serías tú el que mintiera con más precisión y mantuviera la mentira sobre este punto, si quisieras\n3\n6 m\n7a entir y no responder nunca la verdad, o bien sería el ignorante en cuentas el que si lo quisiera, podría mentir mejor que tú? ¿No es más cierto que el ignorante, aun queriendo decir la mentira, muchas veces diría, por azar, la verdad involuntariamente, a causa de no saber, y que tú, en cambio, que eres sabio, si quisieras mentir, mentirías siempre del mismo modo?\nHip. -Así es, como tú dices.\nSóc.-¿El mentiroso es mentiroso respecto a las otras cosas, pero no respecto al núme-ro, y no podría decir mentira al calcular?\nHip. -También, por Zeus, respecto al nú-\nmero.\nSóc. -Por tanto, pongamos este supuesto, Hipias, que\nb un hombre puede ser mentiroso respecto al cálculo y al número.\nHip. -Sí.\nSóc. -¿Quién sería este hombre? ¿No es necesario que él tenga la condición de ser capaz de mentir, si va a ser mentiroso, según tú convenías hace un momento? Pues, si te acuerdas, dijiste que el incapaz de mentir no podría nunca ser mentiroso.\nHip. -Sí me acuerdo y así se dijo.\nSéc. -¿No es cierto que hace un momento te has manifestado como el más capaz de mentir respecto a cuentas?\nHip. -Sí, también se dijo eso.\nSóc. -¿N\nc o\neres tú también el más capaz de decir la verdad respecto a cuentas?\nHip. -Ciertamente.\nSóc. -¿Luego un mismo hombre es capaz de decir la mentira y la verdad respecto a cuentas? Éste es el apto con respecto a ello, es el experto en cálculo.\nHip. -Si.\nSóc. -Respecto a cuentas, Hipias, ¿quién será mentiroso sino el apto? En efecto, éste es también capaz; éste es también veraz.\nHip. -Así parece.\nSóc. -¿Ves que, respecto a esto, la misma persona es\nd mentirosa y veraz y que no es mejor el veraz que el mentiroso? En efecto, son la misma persona y no son totalmente contrarios, como tú creías ahora mismo.\nHip. -No lo parecen, partiendo de eso.\nSóc. -¿Quieres, entonces, que lo examinemos en otro caso?\nHip. -Si es tu deseo.\nSóc. -¿Es cierto que tú también eres experto en geometría?\nHIp. -Ciertamente.\nSóc. -Bien. ¿No es también así en geometría? Un mismo individuo, el geómetra, es el más capaz de mentir y de decir la verdad respecto a las figuras.\nHip. - Sí.\nSóc. -¿Respecto a este objeto es éste el experto o lo\ne es algún otro?\nHip. - Ningún otro.\nSóc. -¿No es cierto que el geómetra experto y sabio es el más capaz para estas dos cosas y que, si alguien puede engañar con respecto a las figuras, es éste, el experto? En efecto, éste es capaz, y el mal geómetra es incapaz de engañar. Por consiguiente, no puede ser mentiroso el que no es capaz de mentir, según hemos acordado.\nHip. -Así es.\nSóc. -Examinemos aún un tercer caso, el del astrónomo, en cuya ciencia tú crees que 368a\neres más entendido aún que en las anterio-res. ¿Es así, Hipias?\nHip. - Sí.\nSóc. - ¿Acaso no es lo mismo en astronomía?\nHip. - Es probable, Sócrates.\nSóc. -Luego también en astronomía, si alguien es mentiroso, el buen astrónomo lo será más; él es capaz de mentir; no el incapaz, pues es ignorante.\nHip. -Así parece.\nSóc. -Por tanto, también en astronomía la misma persona es mentirosa y veraz.\nHip. -Parece que sí.\nSóc. -Ea, Hipias, examina libremente de esta manera todas las ciencias y mira si alguna es de o\nb tro modo. Tú eres con mucho el hombre más sabio en la mayor parte de ellas, según te oí yo ufanarte una vez en el ágora, en las mesas de los cambistas, cuando exponías tu envidiable y gran sabiduría. Decías que en cierta ocasión te presentaste en Olimpia y que era obra tuya todo lo que llevabas sobre tu cuerpo. En primer lugar, que el anillo\n-por ahí empezaste- era obra tuya porque sabías cincelar anillos; que también el sello era obra tuya, y asimismo el cepillo y el reci-piente del aceite que tú mismo habías hecho, después decías que el calzado que llevabas lo habías elaborado tú mismo y que habías teji-do tu manto y tu túnica. Lo que les pareció a todos más asombroso y muestra de tu mucha habilidad fue el que dijeras que habías tren-zado tú mismo el cinturón de la túnica que llevabas, que era igual a los más lujosos de Persia. Además de esto, llevabas poemas, epopeyas, tragedias y ditirain bos; y en prosa habías escrito muchos discursos de las más variadas materias. Respecto a las ciencias de que yo hablaba antes, te presentabas super-ando a todos, y también, respecto a ritmos, armonías y propiedades de las letras, y a otras muchas cosas además de éstas, según creo recordar. Por cierto, se me olvidaba la mnemotecnia, invención tuya, según parece, en la que tú piensas que eres el más brillan-te. Creo que se me olvidan otras muchas cosas. Pero, como digo, poniendo la mirada en las ciencias que tú posees -muy numerosas-y en las de otros, dime si, de acuerdo con lo convenido por ti y por mí, encuentras alguna en la que el que dice la verdad y el que miente sean dos personas distintas y no la misma persona. Examina esto en la clase de sabiduría que tú quieras o de destreza o como te guste llamarlo; no la encontrarás, amigo, porque no la hay. Con todo, dila tú.\nHip. -No puedo, Sócrates, al menos por ahora.\nSóc. -Ni podrás, según creo. Si yo digo la verdad, ¿tienes presente lo que resulta del razonamiento, Hipias?\nHip. -No tengo muy en la mente lo que dices, Sócrates.\nSóc. -Porque quizá ahora no utilizas la mnemotecnia; sin duda, no lo crees necesario. Yo te lo\nb recordaré. ¿Sabes que tú decías que Aquiles era veraz y Odiseo, mentiroso y astuto?\nHip. - Sí.\nSóc. -Te das cuenta de que ahora han resultado ser la misma persona el mentiroso y el veraz, de manera que si Odiseo era mentiroso, venía a ser también veraz; que si Aquí-\nles era veraz, también era mentiroso, y que no son diferentes ni contrarios estos hombres, sino semejantes?\nHip. -Sócrates, tú siempre trenzas razonamientos de este tipo; tomas separadamen-te lo más c c\napcioso de la argumentación, te aferras a ello, tratas el asunto en pedazos y no discutes en su totalidad el tema del razonamiento. Pues, ahora, si tú quieres, yo te demostraré con muchos testimonios y con razonamiento apropiado que Homero ha hecho a Aquiles mejor que a Odiseo e incapaz de mentir; y que al otro, en cambio, lo ha he-d\ncho falso, muy mentiroso e inferior a Aquiles.\nPor tu parte, si quieres, contrapón discurso a discurso diciendo que Odiseo es mejor; así éstos tendrán más elementos de juicio sobre quién de los dos habla mejor.\nSóc. -Hipias, yo no discuto que tú seas más sabio que yo. Tengo siempre la costum-bre, cuando alguien habla, de prestarle mi atención, especialmente cuando el que habla me parece sabio, y, en mi deseo de comprender lo que dice, averiguo, reexamino, comparo lo que se dice, a fin de aprender. Si el que habla me parece de poco valer, ni in-sisto en mis preguntas ni me intereso por lo que dice. En esto reconocerás a los que yo considero sabios; encontrarás que soy insis-tente sobre lo que dicen y que interrogo para aprender y sacar provecho. En efecto, al hablar tú ahora me he dado cuenta de que en los versos que tú citabas, mostrando que Aquiles se dirige a Odiseo como si éste fuera un charlatán, me resulta extraño que tú tengas razón, porque Odiseo, el astuto, en nigu-na parte aparece mintiendo, en cambio Aquiles se muestra astuto, como tú dices. En todo caso, miente; habiendo dicho estos versos que tú citabas antes:\n«Es mi enemigo como las puertas del Hades el que oculta en la mente una cosa y dice otra»,\nb\ndice, poco después, que no le convencerán Odiseo y Agamenón y que de ningún modo se quedará en Troya, sino que:\n«Mañana, dice él, tras haber hecho tos sa-crificios a Zeus y a todos los dioses, habiendo cargado bien las naves y haciéndolas arras-trar al mar, verás, si quieres y te interesa esto, nave\nc gar muy de mañana hacia el Helesponto, rico en peces, mis naves y, en ellas, a mis hombres afanosos de remar. Si el glorioso Enosigeo nos concede buena nave-gación, al tercer día podría llegar yo a la fértil Ptía».\nIncluso, antes de esto, cuando injuriaba a Agamenón, -dijo:\n«Ahora me voy a ir a Ptía, puesto que es mucho mejor ir a casa con las curvas naves; no pienso e\nd star aquí sin honores y amontonar para ti caudal y riqueza».\nTras haber dicho estas palabras, las unas, en presencia de todo el ejército, las otras, ante sus compañeros, en ninguna parte se le ve ni prepararse ni intentar echar las naves al mar con la intención de regresar a su casa, sino que desprecia, con la mayor tranquilidad, el decir la verdad. Así pues, Hipias, te pregun-taba yo desde el principio, porque no sabía a cuál de estos dos hombres había hecho mejor el poeta, y porque consideraba que los dos eran excelentes y que es difícil discernir quién de ellos era mejor en cuanto a verdad y en-gaño u otra cualidad. En efecto, con relación a esto los dos eran casi iguales.\nHip. -No lo juzgas bien, Sócrates. Es evidente que, cuando Aquiles no dice la verdad, no miente con premeditación, sino involuntariamente, y que se ha visto obligado a quedarse y a prestar auxilio a causa del revés del ejército; en cambio, cuando Odiseo no dice la verdad, lo hace voluntariamente y con intención.\nSóc. -Me engañas, querido Hipias, e imitas tú mism\n3 o\n7 1 a\na Odiseo.\nHip. -De ningún modo, Sócrates. ¿Qué intentas decir y con respecto a qué?\nSóc. -Porque dices que Aquiles no miente con intención, un hombre que según lo representa Homero, además de hablar a la ligera, era tan charlatán e insidioso que incluso parece sentirse superior a Odiseo en cuanto a que éste no\nb se dé cuenta de que él dice palabras vanas, y esto, hasta el punto de que se atreve a contradecirse delante de Odiseo, sin que éste lo advierta. Odiseo, al menos, parece que le habla sin darse cuenta de que Aquiles miente..\nHip. -¿Qué estás diciendo, Sócrates?\nSóc. -¿No sabes que, después de haber dicho a Odiseo que levaría anclas con la aurora, no le dice a Ayante que levará anclas sino otra cosa distinta?\nHip. -¿En qué lugar?\nSóc. -Cuando dice:\n«No me inquietaré por el sangriento combate hasta\nc q\nue el hijo del prudente Príamo, el divino Héctor, llegue a las tiendas y a las naves de los Mirmidones matando Argivos, e incendie con fuego las naves. Junto a mi tienda y mi negra nave pienso contener a Héctor, aunque esté ansioso de combate».\n¿Acaso crees tú, Hipias, que el hijo de Tetis, educado además por el muy sabio Quirón, era tan olv\nd i\ndadizo como para que él mismo, tras haber vituperado con la máxima censura a los que hablan a la ligera, manifestara in-mediatamente a Odiseo que pensaba regresar y a Ayante que pensaba quedarse? ¿No crees que lo hizo intencionadamete y creyen-do que Odiseo era un hombre ingenuo al que él superaría con esta habilidad y con no decir la verdad?\nHip. -No me parece a mí así, Sócrates, si-no más bie e n\nque dejándose llevar por su falta de doblez, dice una cosa a Ayante y otra a Odiseo. En cambio, Odiseo, cuando dice la verdad, lo hace con una intención, y lo mismo cuando miente.\nSóc.-Luego es mejor, según parece, Odiseo que Aquiles.\nHip. -De ningún modo, Sócrates.\nSóc. -¿Qué, entonces? ¿No ha resultado antes que los que mienten voluntariamente son mejores que los que lo hacen sin querer?\nHip. - ¿Cómo es posible, Sócrates, que los que com\n37 e\n2 t\na e\nn injusticia voluntariamente, los que maquinan a asechanzas y hacen mal intencionadamente sean mejores que los que no tienen esa intención? Me parece que me-rece excusa quien comete injusticia o miente o hace algún otro mal sin darse cuenta. También las leyes, por supuesto, son mucho más severas con los que hacen mal o mienten intencionadamente, que con los que lo hacen sin intención.\nSóc.-¿Ves tú, Hipias, que digo la verdad al afirmar que\nb yo soy infatigable en las preguntas a los que saben? Es probable que no tenga más que esta cualidad buena y que las otras sean de muy poco valor; en efecto, me extravío al buscar dónde están los cosas y no sé de qué manera son. Una prueba de ello, suficiente p\nc ara mí, es que, cuando estoy con alguno de vosotros, los bien considerados por una sabiduría de la que todos los griegos da-rían testimonio, se hace visible que yo no sé nada. Pues, por así decirlo, no coincido en nada con vosotros; por tanto, ¿qué mayor prueba de ignorancia existe que discrepar de los hombres que saben? En cambio, tengo una maravillosa compensación que me salva: no me da vergüenza aprender, sino que me informo, pregunto y quedo muy agradecido al que me responde y nunca privé a nadie de mi agradecimiento, jamás negué haber aprendi-do algo haciendo de ello una idea original mía. Al contrario, alabo como sabio al que me ha enseñado, dando a conocer lo que aprendí de él. Y por cierto, tampoco ahora estoy de acuerdo con lo que tú dices, sino que discre-po totalmente. Sé muy bien que esto es por mi causa, porque soy como soy, para no decir de mí nada grave. En efecto, Hipias, a mí me parece todo lo contrario de lo que tú dices; los que causan daño a los hombres, los que hacen injusticia, los que mienten, los que engañan, los que cometen faltas, y lo hacen intencionadamente y no contra su voluntad, son mejores que los que lo hacen involuntariamente. Algunas veces, sin embargo, me parece lo contrario y vacilo sobre estas cosas, evidentemente porque no sé. Ahora, en el momento presente, me ha rodeado una espe-cie de confusión y me parece que los que cometen falta en algo intencionadamente son mejores que los que lo hacen involuntariamente. Hago responsables del estado que ahora padezco a los razonamientos preceden-tes, de manera que ahora, en este momento, los que hacen cada una de estas cosas involuntariamente son peores que los que las hacen intencionadamente. Así pues, hazme esta gracia y no rehuses curar mi alma, pues me harás un bien mucho mayor librándome el alma de la ignorancia que el cuerpo de una enfermedad. En todo caso, me anticipo a decirte que no me vas a curar si tienes la intención de pronunciar un largo discurso, pues no sería capaz de seguirte. En cambio, si estás dispuesto a responderme como hasta ahora, me ayudarás mucho, y creo que tampoco te hará daño a ti. Es justo que te llame en mi ayuda, hijo de Apemanto, pues tú me ani-maste a dialogar con Hipias. También ahora tú, si Hipias no quiere responder, pídeselo por mí.\nÉud. -Pero creo yo, Sócrates, que Hipias b\nno tiene necesidad de nuestro ruego. No iban por ahí las palabras que nos anticipó, sino más bien hacia que no evitaría las preguntas de nadie. ¿Es así, Hipias? ¿No es eso lo que decías?\nHip. -Sí, ciertamente. Pero, Éudico, Sócrates siempre embrolla las conversaciones y parece como si tratara de obrar con mala intención.\nSóc. -Mi buen Hipias, no hago eso intencionadamente, pues sería sabio y hábil, se-gún tus palabras, sino que lo hago involuntariamente, de modo que perdóname. En efecto, tú dices\nc que se debe excusar al que hace daño involuntariamente.\nÉud. -No lo hagas de otro modo, Hipias, sino que, por nosotros y por las palabras que antes dijiste, contesta a lo que te pregunte Sócrates.\nHip. -Responderé, puesto que me lo pides tú. Bien, pregunta lo que quieras.\nSóc. -Deseo vehementemente, Hipias, examinar lo que ahora hemos dicho: si son, en verdad, mejores los que cometen faltas intencionadamente, que los que lo hacen involuntariamente. Pienso que para este exa-men procederíamos adecuadamente de este modo. Así pues, contéstame: ¿dices que hay algún corredor bueno?\nHip. -Sí, ciertamente.\nSóc. -¿Y\nd malo?\nHip. -Sí.\nSóc. -¿No es bueno el que corre bien y malo el que corre mal?\nHip. -Sí.\nSóc. -¿El que corre despacio corre mal y el que corre deprisa corre bien?\nHip. -Sí.\nSóc. -¿Luego en la carrera y en el correr, la rapidez es lo bueno y la lentitud lo malo?\nHip. -¿Qué otra cosa va a ser?\nSóc. -¿Quién es mejor corredor, el que corre despacio intencionadamente o el que lo hace contra su voluntad?\nHip. -El que lo hace intencionadamente.\nSóc. -¿Correr no es hacer algo?\nHip. -Lo es en efecto.\nSóc. -Si es hacer algo, ¿no es también eje-cutar algo? e\nHip. -Sí.\nSóc. -¿El que corre mal ejecuta esto en la carrera mal y de modo feo?\nHip. -Mal, con certeza.\nSóc. -¿El que corre lentamente corre mal?\nHiP. -Sí.\nSóc. -¿No es cierto que el buen corredor ejecuta esto, que es malo y feo, intencionadamente, y el mal corredor, involuntariamente?\nHip. -Así parece.\nSóc. -¿Luego en la carrera el que ejecuta cosas mal hechas involuntariamente es peor que el que las ejecuta voluntariamente?\nHip. -En la carrera, al menos, sí.\nSóc. -\n3 ¿\n7 Y\n4a en la lucha? ¿Es mejor luchador el que cae voluntariamente, o el que cae involuntariamente?\nHip. -El que cae voluntariamente, según parece.\nSóc. -¿Es peor y más feo en la lucha caer, o derribar?\nHip. - Caer.\nSóc. -¿Luego también en la lucha el que ejecuta actos malos y feos voluntariamente es mejor luchador que el que los ejecuta involuntariamente?\nHip. -Así parece.\nSóc. -¿Y en todos los otros ejercicios del cuerpo? ¿No es cierto que el mejor respecto al cuerpo e\nb s capaz de realizar ambas clases de cosas, las fuertes y las débiles, las feas y las bellas, de forma que, cuando en lo que concierne al cuerpo se realizan cosas mal hechas, el mejor respecto al cuerpo las realiza voluntariamente, y el peor involuntariamente?\nHip. -Parece que es así en lo referente a la fuerza.\nSóc. -¿Y en cuanto a la buena apariencia, Hipias? ¿No es propio del mejor cuerpo tomar las posturas feas y malas voluntariamente, y es propio del peor cuerpo tomarlas involuntariamente? ¿Cómo piensas tú?\nHip. - Así.\nSóc. -Luego también la mala apariencia, c\ncuando es voluntaria, proviene de la perfección del cuerpo, y cuando es involuntaria, proviene de la imperfección.\nHip. -Así parece.\nSóc. -¿Qué dices respecto a la voz? ¿Cuál dices que es mejor, la que desentona voluntariamente o la que lo hace involuntariamente?\nHip. -La que desentona voluntariamente.\nSóc. -¿Es inferior la que desentona involuntariamente?\nHip. -Sí.\nSóc. -¿Qué preferirías tener, lo bueno o lo malo?\nHip. -Lo bueno.\nSóc. -¿Preferirías tener unos pies que co-jearan voluntariamente, o involuntariamente?\nHip. -Voluntariamente.\nSóc. -¿No es la cojera un defecto y una d\nmala apariencia?\nHip. - Sí.\nSóc. -¿Y la miopía, no es un defecto de los ojos?\nHip. -Sí.\nSóc. -¿Qué ojos querrías tú poseer y tener contigo, aquellos con los que voluntariamente ves poco y con estrabismo, o los ojos con los que esto sucede involuntariamente?\nHip. -Los ojos con los que voluntariamente.\nSóc. -¿Luego consideras tú que los órganos tuyos que trabajan mal voluntariamente son mejores que los que lo hacen involuntariamente?\nHip. -Sí, son mejores.\nSóc. -Por tanto, una sola afirmación abar-ca todo esto: no es deseable poseer, porque son malos,\ne los oídos, las narices, la boca y todos los órganos de los sentidos que trabajan mal involuntariamente; en cambio, es deseable poseer, porque son buenos, los que lo hacen voluntariamente.\nHip.-Así me lo parece.\nSóc. -¿Y el uso de qué instrumentos es mejor, el de aquellos con los que se trabaja mal voluntariamente o el de aquellos con los que se trabaja mal involuntariamente? Por ejemplo, ¿es mejor un timón con el que se pilota mal sin quererlo o uno con el que se hace mal queriéndolo?\nHip. -Aquel con el que se hace mal queriéndolo.\nSóc. -¿No son lo mismo un arco, una lira, una flauta y todas las demás cosas?\nHip. -Dices la verdad.\nSóc. 3-\n7¿\n5 L\na a\ncondición natural de un caballo con el que se cabalga mal voluntariamente es mejor que la de aquel con el que se hace mal esto involuntariamente?\nHip. -Seguramente.\nSóc. -Entonces, es mejor.\nHip. -Sí.\nSóc. -Así pues, con un caballo de buena condición se podría intencionadamente realizar las obras propias de esta buena condición en sentido contrario; en cambio, con el de mala condición natural se realizan éstas involuntariamente.\nHip. -Sin duda.\nSóc. -¿No sucede lo mismo con la condición natural del perro y con la de todos los otros animales?\nHip. -Sí.\nSóc. -¿Y qué, entonces? ¿El alma de un arquero es mejor si yerra el blanco voluntariamente, o si yerra involuntariamente?\nHip. - Si yerra voluntariamente.\nb\nSóc. -¿Luego es ésta mejor para el tiro al arco?\nHip. - Sí.\nSóc. -¿Entonces, el alma que yerra involuntariamente es peor que la que yerra voluntariamente?\nHip. -Al menos, en el tiro al arco.\nSóc. -¿Y en la medicina? ¿No es más conocedora de la medicina el alma que hace mal a los cuerpos voluntariamente?\nHip. -Sí.\nSóc. -Luego, en este arte, ésta es mejor que la que no lo hace voluntariamente.\nHip. -Sí, es mejor.\nSóc. -¿Q\nc ué, pues? Del mismo modo lo es la más conocedora del arte de tocar la cítara y del arte de tocar la flauta; y respecto a todas las artes y conocimientos, ¿no es mejor la que voluntariamente hace las cosas mal y torpemente y comete errores, y es peor la que hace esto involuntariamente?\nHip. -Así parece.\nSóc. -Pero, ciertamente, preferiríamos co-mo almas de los esclavos las que cometen errores y obran mal voluntariamente, más bien\nque\nlas\nque\nhacen\nesto\nin-\nvoluntariamente, en la idea de que son mejores para esto.\nHip. -Sí.\nSóc. -Y nuestra propia alma, ¿no quisiéra-mos que fuera lo mejor posible?\nHip. -Sí.\nSóc. -¿\nd No es cierto que será mejor, si obra mal y comete errores voluntariamente, que si lo hace involuntariamente?\nHip. -Sería horrible, Sócrates, que los que obran mal voluntariamente fueran mejores que los que obran mal contra su voluntad.\nSóc. -Sin embargo, así resulta de lo que hemos dicho.\nHip. -No, ciertamente, para mí.\nSóc. -Yo creía, Hipias, que también te parecía a ti así. Pero respóndeme de nuevo. ¿No es la justicia una fuerza o una ciencia, o bien lo uno y lo otro juntos? ¿O no es necesario que la justicia sea una de estas cosas?\nHip. -Sí es necesario.\nSóc. -¿No es cierto que, si la justicia es una fuerza\ne del alma, el alma más fuerte es más justa? En efecto, un alma así nos ha resultado ser mejor, amigo mío.\nHip. -Si.\nSóc. -¿Y si es una ciencia? ¿No es más justa el alma más sabia, y es menos justa la menos sabia?\nHip. -Así resulta.\nSóc. -¿No es cierto que la más fuerte y la más sabia ha resultado ser mejor y más capaz de realizar ambas cosas, lo bueno y lo 376a\nmalo, en cualquier actividad?\nHip. -Sí.\nSóc. -Luego cuando realiza lo feo, lo realiza. voluntariamente por su fuerza y por su arte; esto parece ser propio de la justicia: o bien lo bueno y lo malo, o una sola de estas dos cosas.\nHip. -Parece que sí.\nSóc. -Y el cometer injusticia es hacer mal, y no cometerla es hacer bien.\nHip. -Sí.\nSóc. -¿No es cierto que el alma más fuerte, cuando comete injusticia, lo hace voluntariamente y la mala, involuntariamente?\nHip. - Así parece.\nSóc. -¿No es un hombre bueno el que tie-b\nne un alma buena, y es malo el que la tiene mala?\nHip. -Sí.\nSóc. -Luego es propio del hombre bueno cometer injusticia voluntariamente y del ma-lo, hacerlo involuntariamente, si, en efecto, el hombre bueno tiene un alma buena.\nHip. -Pero, ciertamente, la tiene.\nSóc. -Luego el que comete errores voluntariamente y hace cosas malas e injustas, Hipias, si este hombre existe, no puede ser otro que el hombre bueno.\nHi. -No me es posible admitir eso, Sócrates.\nSóc. -Tampoco yo puedo admitirlo, Hipias, pero neces\nc ariamente nos resulta así ahora según nuestro razonamiento. Pero, como de-cía antes, yo ando vacilante de un lado a otro respecto a estas cosas y nunca tengo la misma opinión. Y no es nada extraño que ande vacilante yo y cualquier otro hombre inexperto. Pero el que también vosotros, los sabios, vaciléis, esto es ya tremendo para nosotros, que ni siquiera dirigiéndonos a vosotros va-mos a cesar en nuestra vacilación."
}