{
    "id": "132",
    "nombre": "Tao Te King - Lao Tse.epub",
    "fecha_generado": "2025-05-29",
    "Categoria": "Tao Te King",
    "texto": "TAO TE KING\n- LAO TSE -\nLao Tse (570-c. 490 a.C.), filósofo chino con-siderado el fundador del taoísmo. La confusión en torno a su fecha de nacimiento radica en la leyenda según la cual instruyó a Confu-cio; en realidad, si Lao-tsé existió fue en la persona de un filósofo anónimo del siglo IV\na.C. que atribuyó su trabajo a este sabio le-gendario. Según la leyenda, Lao-tsé nació en la provincia de Henan y fue un bibliotecario de la corte. Se supone que dejó escrito el Tao Te-King (o Daodejing, Libro de la Vía y de la Virtud), el gran tratado filosófico chino, cuando abandonó China para irse a vivir a un lugar desconocido de Occidente. Con mucho, el Tao Te-King es la obra literaria más tradu-cida del chino y tuvo una enorme influencia en el pensamiento y la cultura orientales.\nEste libro, que cuenta con tan sólo 10.000\ncaracteres, fue redactado hacia el año 300\na.C. y parece ser una antología que recoge antiguas enseñanzas, aunque la densidad de su estilo sugiere que es obra de un único autor. La mayor parte del libro está com-puesta por rimas y puede ser leído como un largo poema filosófico. Enseña que \"el camino\" (dao) del mundo se realiza con mayor aprovechamiento abandonando las categorías y los valores en favor de la percepción es-pontánea. El sabio busca \"no hacer nada\"\n(wu wei) y deja que las cosas sigan su curso natural; así, como estaba destinado a un monarca, al rey que pretenda ser inteligente y apto se le recomienda que mantenga a su pueblo en la sencillez y la pasividad para que así pueda amoldarse a la naturaleza, auténti-ca meta del hombre. Relatos y mitos poste-riores integraron a Lao-tsé en la religión chi-na, convirtiéndole en una deidad principal de la religión taoísta que revelaba los textos sagrados a la humanidad; algunas leyendas sostienen que tras salir de China se convirtió en Buda.\nEste libro consta de 81 capítulos de los que aquí se exponen 37. Espero que le guste y disfrute con su lectura.\nI\nEl Tao que puede ser expresado no es el verdadero Tao.\nEl nombre que se le puede dar no es su verdadero nombre.\nSin nombre es el principio del universo; y con nombre, es la madre de todas las cosas.\nDesde el no-ser comprendemos su esencia; y desde el ser, sólo vemos su apariencia.\nAmbas cosas, ser y no-ser, tienen el mismo origen, aunque distinto nombre.\nSu identidad es el misterio.\nY en este misterio\nse halla la puerta de toda maravilla.\nII\nTodo el mundo toma lo bello lo bello, y por eso conocen qué es lo feo.\nTodo el mundo toma el bien por el bien, y por eso conocen qué es el mal.\nPorque, el ser y el no-ser se engendran mu-tuamente.\nLo fácil y lo difícil se complementan.\nLo largo y lo corto se forman el uno de otro.\nLo alto y lo bajo se aproximan.\nEl sonido y el tono armonizan entre sí.\nEl antes y el después se suceden recíproca-mente.\nPor eso, el sabio adopta la actitud de no-obrar\ny practica una en sin palabras.\nTodas las cosas aparecen sin su intervención.\nNada usurpa ni nada rehúsa.\nNi espera recompensa de sus obras, ni se atribuye la obra acabada, y por eso, su obra permanece con él.\nIII\nNo ensalzar los talentos\npara que el pueblo no compita.\nNo estimar lo que es difícil de adquirir para que el pueblo no se haga ladrón.\nNo mostrar lo codiciable\npara que su corazón no se ofusque.\nEl sabio gobierna de modo que vacía el corazón,\nllena el vientre,\ndebilita la ambición,\ny fortalece los huesos.\nAsí evita que el pueblo tenga saber ni deseos,\npara que los más astutos\nno busquen su triunfo.\nQuien practica el no-obrar todo lo gobierna.\nIV\nEl Tao es vacío,\nimposible de colmar,\ny por eso, inagotable en su acción.\nEn su profundidad reside el origen de todas las cosas.\nSuaviza sus asperezas,\ndisuelve la confusión,\natempera su esplendor,\ny se identifica con el polvo.\nPor su profundidad parece ser eterno.\nNo sé quién lo concibió,\npero es más antiguo que los dioses.\nV\nEl universo no tiene sentimientos; todas las cosas son para él como perros de paja.\nEl sabio no tiene sentimientos; el pueblo es para él como un perro de paja.\nEl universo es como un fuelle, vacío, pero nunca agotado.\nCuanto más se mueve,\nmás produce.\nQuien más habla\nmenos le comprende.\nEs mejor incluirse en él.\nVI\nEl espíritu del valle no muere.\nEs la hembra misteriosa.\nLa puerta de lo misterioso femenino es la raíz del universo.\nIninterrumpidamente, prosigue su obra sin fatiga.\nVII\nEl cielo es eterno y la tierra permanece.\nEl cielo y la tierra deben su eterna duración a que no hacen de sí mismos la razón de su existencia.\nPor ello son eternos.\nEl sabio se mantiene rezagado y así es antepuesto.\nExcluye su persona\ny su persona se conserva.\nPorque es desinteresado\nobtiene su propio bien.\nVIII\nLa suprema bondad es como el agua.\nEl agua todo lo favorece y a nada combate.\nSe mantiene en los lugares\nque más desprecia el hombre y,.así, está muy cerca del Tao.\nPor esto, la suprema bondad es tal que, su lugar es adecuado.\nSu corazón es profundo.\nSu espíritu es generoso.\nSu palabra es veraz.\nSu gobierno es justo.\nSu trabajo es perfecto.\nSu acción es oportuna.\nY no combatiendo con nadie, nada se le reprocha.\nIX\nMás vale renunciar antes que sostener en la mano un vaso lleno\nsin derramarlo.\nLa espada que usamos y afilamos continuamente\nno conservará mucho tiempo su hoja.\nUna sala llena de oro y jade nadie la puede guardar.\nQuien se enorgullece de sus riquezas atrae su propia desgracia.\nRetirarse de la obra acabada, del renombre conseguido,\nesa es la ley del cielo.\nX\nUnir cuerpo y alma en un conjunto del que no puedan disociarse.\nDominar la respiración hasta hacerla tan flexible como la de un recién nacido.\nPurificar las visiones hasta dejarlas limpias.\nQuerer al pueblo y gobernar el Estado practicando el no-hacer.\nAbrir y cerrar las puertas del cielo siendo como la mujer.\nConocer y comprenderlo todo usar la inteligencia.\nEngendrar y criar,\nengendrar sin apropiarse,\nobrar sin pedir nada,\nguiar sin dominar,\nesta es la gran virtud.\nXI\nTreinta radios convergen en el centro de una rueda,\npero es su vacío\nlo que hace útil al carro.\nSe moldea la arcilla para hacer la vasija, pero de su vacío\ndepende el uso de la vasija.\nSe abren puertas y ventanas en los muros de una casa,\ny es el vacío\nlo que permite habitaría.\nEn el ser centramos nuestro interés, pero del no-ser depende la utilidad.\nXII\nLos cinco colores ciegan al hombre.\nLos cinco sonidos ensordecen al hombre.\nLos cinco sabores embotan al hombre.\nLa carrera y la caza ofuscan al hombre.\nLos tesoros corrompen al hombre.\nPor eso, el sabio atiende al vientre y no al ojo.\nPor eso, rechaza esto y prefiere aquello.\nXIII\nEl favor y la desgracia inquietan por igual.\nLa fortuna es un gran dolor como nuestro cuerpo.\n¿Qué quiere decir: favor y desgracia inquietan por\nigual ?\nEl favor eleva y la desgracia abate.\nConseguir el favor es la inquietud.\nPerderlo es la inquietud.\nEste es el sentido de «favor y desgracia inquietan por\nigual»\n¿Qué quiere decir: la fortuna es un gran dolor como\nnuestro cuerpo?\nLa causa por la que padezco dolor es mi propio cuerpo.\nSi no lo tuviese,\n¿qué dolor podría sentir?\nPor esto, quien estime al mundo igual a la fortuna de\nsu propio cuerpo,\npuede gobernar el mundo.\nQuien ame al mundo como a su propio cuerpo,\nse le puede confiar el mundo.\nXIV\nSe le llama invisible porque mirándole no se le ve.\nSe le llama inaudible porque escuchándole no se le oye.\nSe le llama impalpable porque tocándole no se le siente.\nEstos tres estados son inescrutables y se confunden en uno solo.\nEn lo alto no es luminoso,\nen lo bajo no es oscuro.\nEs eterno y no puede ser nombrado, retorna al no-ser de las cosas.\nEs la forma sin forma\ny la imagen sin imagen.\nEs lo confuso e inasible.\nDe frente no ves su rostro, por detrás no ves su espalda.\nQuien es fiel al Tao antiguo domina la existencia actual.\nQuien conoce el primitivo origen posee la esencia del Tao.\nXV\nLos sabios perfectos de la antigüedad eran tan sutiles, agudos y profundos que no podían ser conocidos.\nPuesto que no podían ser conocidos, sólo se puede intentar describirlos: Eran prudentes, como quien cruza un arroyo en in-vierno;\ncautos, como quien teme a sus vecinos por todos lados;\nreservados, como un huésped; inconstantes, como el hielo que se funde; compactos, como un tronco de madera; amplios, como un valle;\nconfusos, como el agua turbia.\n¿Quién puede, en la quietud, pasar lentamen-te de lo\nturbio a la claridad?\n¿Quién puede, en el movimiento, pasar len-tamente\nde la calma a la acción?\nQuien sigue este Tao\nno desea ser pleno.\nNo siendo pleno\npuede quedar en lo viejo\nsin renovarse.\nXVI\nAlcanza la total vacuidad\npara conservar la paz.\nDe la aparición bulliciosa de todas las cosas, contempla su retorno.\nTodos los seres crecen agitadamente, pero luego, cada una vuelve a su raíz.\nVolver a su raíz es hallar el reposo.\nReposar es volver a su destino.\nVolver a su destino es conocer la eternidad.\nConocer la eternidad es ser iluminado.\nQuien no conoce la eternidad camina ciegamente a su desgracia.\nQuien conoce la eternidad\nda cabida a todos.\nQuien da cabida a todos es grandioso.\nQuien es grandioso es celestial.\nQuien es celestial es como Tao Quien es como el Tao es perdurable.\nAunque su vida se extinga, no perece.\nXVII\nEl gran gobernante pasa inadvertido por el pueblo.\nA éste sucede el que es amado y elogiado por el pueblo.\nDespués, el que es temido.\nY finalmente, el despreciado.\nSi no hay una confianza total, se obtiene la desconfianza.\nEl gran gobernante practica el no-hacer y así, a la obra acabada sigue el éxito.\nEntonces, el pueblo cree vivir según su propia ley.\nXVIII\nCuando se abandona el Tao\naparecen la bondad y la justicia.\nCon la inteligencia y la astucia surgen los grandes hipócritas.\nCuando no existe armonía entre los seis pa-rientes,\nse necesita la piedad filial y el amor paternal.\nCuando hay revueltas en el reino, se inventa la fidelidad del buen súbdito.\nXIX\nRechaza la sabiduría y el conocimiento, y aprovechará cien veces más al pueblo.\nRechaza la benevolencia y desecha la justicia, y el pueblo volverá a la piedad y el amor.\nRechaza la habilidad y su provecho, y no habrá más bandidos ni ladrones.\nPero estas tres normas no bastan.\nPor esto, atiende a lo sencillo. y genuino, re-duce tu\negoísmo, y restringe los deseos.\nXX\nSuprime el estudio y no habrá preocupacio-nes.\n¿Qué diferencia hay entre el sí y el no?\n¿Qué diferencia hay entre el bien y el mal?\nNo es posible dejar de temer lo que los hombres temen.\nNo es posible abarcar todo el saber.\nTodo el mundo se enardece y disfruta, como cuando se presencia un gran sacrificio, o como cuando se sube a una torre en prima-vera.\nSólo yo quedo impasible,\ncomo el recién nacido que aún no sabe sonre-\nír.\nComo quien no sabe adónde dirigirse, como quien no tiene hogar.\nTodo el mundo vive en la abundancia, sólo yo parezco desprovisto.\nMi espíritu está turbado\ncomo el de un ignorante.\nTodo el mundo está esclarecido, sólo yo estoy en tinieblas.\nTodo el mundo resulta penetrante, sólo yo soy torpe.\nComo quien deriva en alta mar.\nTodo el mundo tiene algo que hacer, sólo yo soy un inútil.\nSólo yo soy diferente a todos los demás porque aprecio a la Madre que me nutre.\nXXI\nLa grandeza de toda virtud\nreside en su fidelidad al Tao.\nEl Tao es algo confuso e intangible.\nEs confuso e intangible, pero tiene formas.\nEs confuso pero brillante porque abarca mu-chas cosas.\nEs profundo y oscuro pero contiene una esencia.\nEsta esencia es verdadera.\nDesde los tiempos más remotos conserva invariable su nombre.\nEs el origen de todos los seres.\n¿Cómo conocer el origen de todos los seres?\nPor esto mismo.\nXXII\nLo humillado será engrandecido.\nLo inclinado será enderezado.\nLo vacío será lleno.\nLo envejecido será renovado.\nLo sencillo y puro será alcanzado, pero lo complicado y extenso causará confusión.\nPor esto, el sabio abraza la unidad y es el modelo del mundo.\nDestaca porque no se exhíbe.\nBrilla porque no se guarda.\nMerece honores, porque no se ensalza.\nPosee el mando, porque no se impone.\nNadie le combate porque él a nadie hace la guerra.\n¿Son acaso vanas las palabras del antiguo proverbio:\n«lo humillado será engrandecido»?\nPor esto mismo, el sabio preservará su grandeza.\nXXIII\nHablar poco es lo natural.\nUn huracán no dura toda la mañana.\nUn aguacero no dura todo el día.\n¿Quién hace estas cosas?\nEl cielo y la tierra.\nSí las cosas del cielo y la tierra no pueden durar eternamente,\n¿cómo las cosas del hombre?\nAsí, quien sigue el Tao\nse une al Tao.\nQuien sigue la virtud,\nse une a la virtud.\nQuien sigue el defecto,\nse une al defecto.\nQuien se identifica con una de estas cosas, por ella es acogido.\nPero a esto no se da suficiente crédito.\nXXIV\nQuien se sostiene de puntillas no permanece mucho\ntiempo en pie.\nQuien da largos pasos no puede ir muy lejos.\nQuien se exhibe carece de luz.\nQuien se alaba no brilla.\nQuien se ensalza no merece honores.\nQuien se glorifica no llega.\nPara Tao, estos excesos,\nson como excrecencias y restos de comida que a todos\nrepugnan.\nPor eso, quien posee el Tao no se detiene en ellos.\nXXV\nAntes aún que el cielo y la tierra ya existía un ser inexpresable.\nEs un ser vacío y silencioso, libre, inmutable y solitario.\nSe encuentra en todas partes y es inagotable.\nPuede que sea la Madre del universo.\nNo sé su nombre,\npero lo llamo Tao.\nSi me esfuerzo en nombrarlo lo llamo «grande».\nEs grande porque se extiende.\nSu expansión le lleva lejos.\nLa lejanía le hace retornar.\nEl Tao, pues, es grande y el cielo es grande.\nLa tierra es grande y también lo es el hombre.\nEn el universo hay cuatro cosas grandes, y el hombre del reino es una de ellas.\nEl hombre sigue la ley de la tierra.\nLa tierra sigue la ley del cielo.\nEl cielo sigue la ley del Tao.\nEl Tao sigue su propia ley.\nXXVI\nLo pesado es la raíz de lo ligero.\nLa calma somete a lo agitado.\nAsí, el sabio cuando viaja\nno se aleja de la caravana.\nAunque pueda disfrutar de las cosas más ex-celsas,\nconserva su paz y se hace superior.\n¿Cómo el dueño de diez mil carros puede obrar con ligereza en el imperio?\nQuien se comporta ligeramente pierde la raíz de su poder.\nQuien se ofusca,\nse pierde a sí mismo.\nXXVII\nUn buen caminante no deja huellas.\nUn buen orador no se equivoca ni ofende.\nUn buen contable no necesita útiles de cálcu-lo.\nUn buen cerrajero no usa barrotes ni cerro-jos,\ny nadie puede abrir lo que ha cerrado.\nQuien ata bien no utiliza cuerdas ni nudos, y nadie puede desatar lo que ha atado.\nAsí, el sabio que siempre ayuda a los hombres,\nno los rechaza.\nEl sabio que siempre conserva las cosas, no las abandona.\nDe él se dice que está deslumbrado por la luz.\nPor esto, el hombre bueno no se considera maestro\nde los hombres;\ny el hombre que no es bueno estima como buenas las\ncosas de los hombres.\nNo amar el magisterio ni la materia de los hombres,\ny aparentar ignorancia, siendo iluminado, éste es el secreto de toda maravilla.\nXXVIII\nQuien conoce su esencia masculina, y se mantiene en el principio femenino, es como el arroyo del mundo.\nMientras sea como el arroyo del mundo la virtud eterna no lo abandonará, y retornará a la infancia.\nQuien conoce su propia blancura, y se mantiene en la oscuridad, XXIX\nSi un hombre quiere darle forma al mundo, modelarlo a su capricho, difícilmente lo con-seguirá.\nEl mundo es un jarro sagrado que no se puede manipular ni retocar.\nQuien trata de hacerlo, lo deforma.\nQuien lo aferra, lo pierde.\nPor eso el sabio no intenta modelarlo, luego no lo deforma.\nNo lo aferra, luego no lo pierde.\nHay quienes marchan adelante, hay quienes marchan atrás.\nHay quienes permanecen callados, hay quienes hablan.\nAlgunos son fuertes, otros débiles.\nAlgunos medran, otros perecen.\nLuego el sabio rechaza el exceso, la extrava-gancia y la propia complacencia.\nXXX\nEl que está en el camino del Tao, no refuerza el imperio de las armas.\nToda acción provoca reacciones.\nSólo zarpas y espinos nacen en el lugar don-de acampan los ejércitos.\nDespués de la guerra, siguen años de ham-bre.\nEl buen general vence, y allí se queda.\nNo abusa de su poder, no se sobrestima.\nVence y no se jacta, vence porque es su deber.\nCuando las cosas alcanzan su extremo, co-mienzan a declinar.\nEso es oponerse al Tao.\nY lo que se opone al Tao\ncamina rápidamente a su fin.\nXXXI\nLas armas son instrumentos nefastos.\nEl hombre de Tao nunca se sirve de ellas.\nEl hombre de bien considera la izquierda co-mo sitio\nde honor,\npero permanece a la derecha cuando porta armas.\nLas armas son instrumentos nefastos, no adecuados para el hombre de bien.\nSólo las usa en caso de necesidad, y lo hace comedidamente,\nsin alegría en la victoria.\nEl que se alegra de vencer\nes el que goza con la muerte de los hombres.\nY quien se complace en matar hombres no puede prevalecer en el mundo.\nPara los grandes acontecimientos el sitio de honor es la izquierda, y la derecha para los hechos luctuosos.\nEl segundo jefe se coloca a la izquierda, y el primer jefe a la derecha, que es el lugar reservado\nen los ritos fúnebres.\nQuien haya matado\ndebe llorar con dolor y tristeza.\nLa victoria en la guerra\ndebe seguir el rito funerario.\nXXXII\nEl Tao, en su eternidad, carece de nombre.\nAunque mínimo en su unidad, el mundo no puede contenerla.\nSi los príncipes y los reyes pudieran permanecer en el Tao todos los seres se les someterían.\nEl cielo y la tierra\nse unirían para llover dulce rocío El pueblo, sin gobierno\npor sí mismo se ordenaría con equidad.\nCuando en el principio se dividió, dando formas a\na todas las cosas,\ntuvo nombres.\nCon los nombres supo contenerse, y así, no corre peligro.\nEl Tao es al universo\ncomo los riachuelos y los valles son respecto a los\nríos y al mar.\nXXXIII\nEl que conoce a los demás es inteligente.\nEl que se conoce a sí mismo es iluminado.\nEl que vence a los demás es fuerte.\nEl que se vence a sí mismo es la fuerza.\nEl que se contenta es rico.\nEl que se esfuerza sin cesar es voluntarioso.\nEl que permanece en su puesto, vive larga-mente\nEl que muere y no perece, es eterno.\nXXIV\nEl gran Tao es como río que fluye en todas las direc-ciones.\nTodos los seres le deben la existencia y él a ninguno se la niega.\nCuando realiza su obra, no se la apropia.\nCuida y alimenta a todos los seres sin adue-\nñarse de\nellos.\nCarece de ambiciones,\npor eso puede ser llamado pequeño.\nTodos los seres retornan a él sin que los re-clame,\ny por eso puede ser llamado grande.\nDe la misma forma, el sabio nunca se considera grande,\ny así, perpetúa su grandeza.\nXXXV\nEl que guarda la Gran Forma es el modelo del mundo.\nEl mundo no sufre mal alguno y queda en paz, prosperidad y equilibrio.\nLa música y los manjares\ndetienen al caminante,\npero lo que exhala el Tao\nno tiene sabor.\nSe mira el Tao y no complace a la vista.\nSe escucha el Tao y no complace al oído.\nSe bebe del Tao y es inagotable.\nXXXVI\nQuien quiera contraer\nalgo, antes debe extenderlo.\nQuien quiera debilitar algo, antes debe fortalecerle.\nQuien quiera destruir algo, antes debe levantarlo.\nQuien quiera obtener algo,\nantes debe haberlo dado.\nAsí es el misterio profundo.\nLo tierno y lo débil\nvencen lo duro y fuerte.\nNo debe salir el pez de 'a profundidad de las aguas.\nNi deben exhibirse los objetos más valiosos del reino.\nXXXVII\nEl Tao, por su naturaleza, no actúa, pero nada hay que no sea hecho por él.\nSi los príncipes y los reyes pudieran adherírsele,\ntodos los seres evolucionarían por sí mismos.\nSi al evolucionar\napareciera el deseo de obrar, yo lo mantendría en la simplicidad sin nombre.\nEn la simplicidad sin nombre no existe el deseo.\nSin deseos es posible la paz y el mundo se ordena por sí mismo."
}