{
    "id": "136",
    "nombre": "cuentos_para_despues_de_hacer_el_amor.pdf",
    "fecha_generado": "2025-05-29",
    "Categoria": "Comedia",
    "texto": "UN MATRIMONIO FELIZ\nMarco Tulio Aguilera Garramuño\nRelato dividido en tres cuentos\n1. La mujer y el espejo\nEn el fondo, ¿qué es lo que amamos nosotros, los hombres,\nen la mujer, sino que cuando se \"dan\", siempre dan también un espectáculo?\nNietzsche\nodo era allí diferente. Desde el patio central de cantera donde se\nlevantaban tres absurdas columnas de granito rodeadas por una fuente\ncolonial, hasta las habitaciones, en las que había un exceso de luz o un\nexceso de oscuridad, cortinas muy pes adas, colchones y almohadas\nextremadamente mullidas, rellenos de pluma de ganso, supongo. Cielorasos\nabovedados constituidos por ladrillos que iban formando círculos concéntricos\ncada vez más pequeños. Baños dignos de Pompeya, vasos y jarras de cristal de\nBohemia. Espacios, ventanas, muros, cuidadosamente calculados para que la\nincidencia de la luz o la sombra crearan cuadros dignos de Velázquez a partir\nde las criaturas más vulgares. En la sala, rodeada por ventanales que daban a\nun jardín que parecía quer er resumir la flora americana, bajo un gran vidrio,\nun entierro prehispánico, con huesos, puntas de obsidiana y cerámica\nprehispánica. Era notable que quien había diseñado la casa pensó hasta en el\núltimo detalle. Sin embargo sus designios, su intención no logré penetrarlos.\nLa habitación que nos asignaron tenía un aire de santuario o de cárcel, rejas\nde hierro forjado, paredes muy anchas, candelabros de bronce. Las sábanas\nde un algodón delicadísimo, una alfombra de tejido suave en la que se\nhundían los pi es, toallas de calidad insuperable. Todo parecía justo a la\nmedida de alguien que no é ramos ciertamente mi marido y yo. Lo que\ndestacaba sobre todo era un anciano armario de cedro, de piso a techo, que\ntenía por puerta un espejo gigantesco, en el que se re flejaba casi toda la\nhabitación. No conozco la razón por la que los espejos me ponen nerviosa, de\nalguna forma siento que me atrapan, que me atraen. Sé que la idea es de una\nT\n2 vulgaridad vergonzosa, pero no puedo evitar sufrirla. No se trata de la simple\nvanidad que hace que me mire en mis largas soledades, pues, aunque soy\nbella sin escándalo, y algunos dicen que muy bella, no me ocupo demasiado\nde mí misma ni pierdo el tiempo maquillándome ni espero la fácil dicha en el\nelogio de los demás. Soy más bien sum aria en mis negocios con el espejo y con\nel arreglo personal. Como muchas mujeres, doy al amor mayor importancia\nque a cualquier otro aspecto de la relación personal. Amo a mi marido con\nuna pasión que tal vez no alcance ese nombre y que se relaciona sobre todo\ncon las felicidades domésticas, el tiempo compartido, el descanso de saber que\ncada noche yace a mi lado un hombre al que creo conocer y del que no puedo\nesperar nada deplorable. Me entrego a él con facilidad cuando durante el día\nhe sentido que comp arto una misión con él, cuando las cosas van bien en la\ncasa, cuando sé que en mi marido hay un ingrediente que no podría hallar en\nnadie. Me abandono a él con resignación cuando mi humor no es propicio.\nSoy, por decirlo de alguna forma, disciplinada en el amor conyugal. Es algo\ncomo un apostolado, algo que tiene que ver con la familia, los hijos y la\nsospecha de Dios. Por eso me cuesta trabajo entrar en ánimo para hacer el\namor cuando estoy fuera de casa y sin embargo, sé que me ruborizo al decir\nesto, es precisamente lejos de casa, en hoteles o lugares ajenos a los\ndomésticos en los que me someto a los caprichos más extravagantes de mi\nesposo. O quizás deba decirlo, dejo salir de mi persona una permisividad\nabsoluta, una capacidad insólita de provocar situ aciones escabrosas o por lo\nmenos desacostumbradas. Le pedí a mi marido que nos fuéramos del cuarto,\nque huyéramos, que regresáramos a casa. Patricio sonrió mirando de reojo el\nespejo. Vi en sus ojos esa expresión de maldad juguetona que le conozco\ncuando está tramando sus fechorías. )De verdad quieres irte?, dijo poniendo\nsu mano en mi hombro y atrayéndome hacia él. No pude evitar ceder a su\nincitación y acerqué mi cuerpo, que se plegó al suyo con la facilidad y el placer\ndel guante quirúrgico a la mano d el cirujano. Patricio tomó mi nuca con poca\ndelicadeza y cuando su boca se adhirió a la mía, sentí que yo era como un\ngran fruto en el que ese hombre goloso enterraba la boca. Patricio bajó su\nmano derecha por mi espalda, recorrió con ella mis vértebras un a a una hasta\nllegar a la cintura, descendió hasta mis nalgas y enterró sus dedos con deleite,\nhundiendo mi falda de seda y mis interiores en la entrepierna. Sentí que\nperdía el aire, miré a mis espaldas el espejo. Vi su cuerpo y el mío como si\nfueran ajen os, imaginé una especie de batalla a la luz de una hoguera, había\ndesesperación y deleite, rabia y amor, algo diabólico, inconfesable, en todo\naquello, y sin embargo -pido perdón por la tonteía que voy a decir - divino.\n)Estás segura que quieres irte?, preg untó de nuevo. Bajé los ojos y le dije que\nno. La verdad es que tengo unas ganas locas de quedarme. Por fortuna había\nmuchas actividades previas a nuestro placer: unas compras, la asistencia a\ncasa de amigos, un par de conferencias, una obra de teatro. En eso y otros\nasuntos más olvidables se nos fueron los primeros días, en los cuales se\nreiteró la pasión, de forma algo convencional. De todos modos mi esposo y yo\nsabíamos que ese espejo que nos miraba casi burlonamente estaba esperando\nel momento propicio para obligarnos a hacer lo que yo ni me atrevo a soñar, o\nque si sueño, luego pierdo en la piedad en el olvido. Una semana se disipó. Yo\ncontinuaba inerme, esperando con inquietud y emoción lo que tenía que\npasar. Patricio seguía en sus actividades y no se percataba o fingía no hacerlo,\n3 de que el espejo nos estaba esperando, nos acechaba, con risueña paciencia.\nLlegué a imaginar que detrás del espejo estaba un indígena, que quizás fuera\nel guardián de la casa, una criatura displicente que disponía de una\nperseverancia de siglos y una curiosidad malsana. Imaginé que la casa\nocultaba, en algún lugar, tal vez en el entierro indígena, la entrada a otro\nmundo, más sórdido y cercano a lo bestial, a lo que acaso en el fondo todos los\nseres humanos guardemos. A la o ctava noche, en la que los besos de mi\nmarido me había inflamado hasta el extremo, le dije, tratando de sonar lo más\nnatural posible, que por qué no nos acercábamos al espejo. Desnudos los dos\nnos arrimamos al fuego bruñido y frente a aquel enemigo nos vol vimos a\ntrenzar en un abrazo febril. Cuando tuve aliento para hacerlo, después de\nhaber sentido el poder pleno de mi marido en las partes más evidentes, le dije\nsin dejar de mirar nuestro reflejo: Pídeme lo que quieras, amor, estoy\ndispuesta a hacerlo. Pa tricio se apartó ligeramente, contuvo el aliento, me\nmiró a los ojos y preguntó )estás segura? Absolutamente segura, le dije, haré\ntodo lo que quieras, me dejaré hacer lo que quieras, absolutamente todo. Y\nentonces lo pidió, eso que nunca me he atrevido a hacer y que no creo que\nnadie, aparte de las mujeres de la peor vida hagan. Hice que Patricio se\ntendiera, yo me acosté sobre él, pero oh Dios, no como manda la naturaleza,\nsino en contra de toda regla, y él comenzó a devorarme y yo con furor de leona\nlo atrapé con mi boca y lo mordí y lo aspiré, afiebrada, desesperada, más total\nque nunca, definitivamente, y no quise ni respirar sino que me lo comí todo,\ntodo, una y otra vez, hasta el fondo, con mi boquita delicada acepté su\ntamaño, su vigor, hasta que sup e que venía a mí y ni aun entonces quise\nsoltarlo. Él tampoco lo evitó, sino que se vino sobre mí, inmovilizándome con\nsus muslos, me convirtió en su puerto y ni siquiera entonces quise soltarlo y\nPatricio seguía casi rugiendo sobre mi cuerpo y enterraba s u rostro y se\ndebatía como un perro rabioso y con su lengua me barría por completo y\ncomencé a agitarme, a venirme en él, a desahogarme y ahí quedamos los dos\nfundidos como seres terribles fulminadas por el mismo disparo, atravesados\npor una lanza enorme d urante horas y horas y caímos a lado y lado, él con su\ncuerpo glorioso y relajado y yo con el sentimiento de que al cumplir esa\nespecie de mandato del hombre del espejo había comenzado a ser otra y que\nya nada podría ser igual y que las pequeñas felicidade s que hacen mi amor\ntendrían ahora un sentido distinto. Me levanté, fui al baño, me lavé una y otra\nvez, enjuagué mi boca con jabón y pasta dental. Cuando regresé Patricio\nseguía tendido en la alfombra con su cuerpo reflejando la luz del farol exterior\ny una expresión de virtud recobrada. Ya no quise abrazarlo. Al día siguiente\nno pude ocultar mi mal humor, mi desprecio por ese hombre que me había\nmanchado de esa forma, pero seguí a su lado, fingiendo la paz natural,\naunque mi espíritu estaba en guerra, tra tando de entender, de perdonar, de\nolvidar. El regreso a la habitación, después de las gestiones de cada día, sería\na partir de entonces triste, lúgubre y el espejo, ya libre de nosotros, parecía\ninocente, pero yo sabía que en él residía un poder, el conoc imiento de nuestro\nsecreto, y por eso lo depreciaba. Hubiera querido destrozarlo, pero no lo hice.\nSería no sólo una falta de cortesía hacia nuestros huéspedes (que, debo\ndecirlo, eran casi desconocidos: miembros de una nueva empresa que ofrecía\nturismo di ferente) , sino, tengo que decirlo, un acto cobarde. De alguna manera\nsé que tengo que vivir conmigo misma, con mi esposo, con nuestras\n4 debilidades. Antes de cerrar la puerta el último día de nuestra estancia,\nPatricio (en cuyo rostro vi una angulosidad de pómulos que antes no había\nnotado) y yo nos detuvimos frente al espejo. Mi esposo sonrió con esa\nconfianza, con ese saber de brujo, de sabio, de imbécil, de taimado, que a\nveces confundo. Yo también me descubrí sonriendo. Supe que en esta vida,\ndetrás de t odo lo que sucede, siempre hay otra cosa.\n2. Las mujeres de vídeo\nirándose al espejo después del baño Patricio recuerda a Diedre, a Nikki,\na Roberta, a Nicoleta, a Serena. Son mujeres dóciles, nada\nproblemáticas, atrevidas. Nunca se quejan. Están di spuestas a todo en\ncualquier momento. Catalina por el contrario se muestra cada vez más difícil,\nexigente y desidiosa.\n-La verdad, querido -dijo la última vez que lo hicieron, en la casa de las\ncolumnas - las fiestecitas de amor me molestan. Son como empr esas en las\nque que al final no tengo ni siquiera recompensa. Además hay cosas que no\nentiendo y que me preocupan.\nHubo un tiempo en que Catalina quería alcanzar las puertas del cielo\ncada dos o tres días. Y casi podía arañarlo. Llegó a tener orgasmos mor tales\nque la dejaban llorando convulsivamente. O que la abandonaban en un limbo\nde temor al sospechar que nunca de nuevo iba a alcanzar semejante\nescándalo de dicha. Ahora, que han pasado los años y los ardores de las\nprimicias, sabe que Patricio es débil y que sus entusiasmos son breves y\napresurados, suficientes apenas para permitirle aspirar a paisajes de hojalata.\n-Lo que pasa es que no aceptas con resignación que en cosas del amor\nel tiempo pasado siempre fue mejor.\nPara Catalina toda razón es vana. Inútil es discutir con ella. Bueno sería\nhacerla desaparecer aplastando un botón. Desgraciada mente la realidad no\nfunciona así. )La verdad? Ni Diedre ni Nikki ni Roberta ni ninguna de las\ndemás tienen nada que enseñarle a Catalina, pues ella lo sabe tod o y todo lo\npractica...cuando quiere.\nPatricio se pasa la mano por la barba. De ayer a hoy las canas parecen\nhaberse duplicado. Un doblez de piel que antes no había notado cuelga bajo\nsu ojo derecho. Es oscuro y tiene puntos diminutos, parece un tentácul o que\ncomienza a tomar posesión de su rostro, cada vez más anguloso. Las obras del\ntiempo y la corrosión de las horas secretas. Piensa en esos seres de doble\npersonalidad, santos de día y demonios de noche. Intenta dibujar en el espejo\nuna sonrisa de malo, de bestia sangrienta. Es una lástima que los espejos M\n5 conocidos sean tan inofensivos. Sólo muestran las miserias del tiempo. Calma,\nno exageres, Patricio, lo que tienes es un viciecito, una cosa de nada, una\ndosis mínima de maldad, que no perjudica a nadie . Pero esas canas, esa\narruga, en fin. Masajeó su rostro con energía, se peinó la barba. No está\ndispuesto a teñirla. Quiere envejecer orgullosamen te. Movió la cabeza a lado y\nlado, intentando aliviar la tensión.\nNinguna de las mujeres secretas de Patric io tiene complicación alguna.\nDetestan que se les hable de amor, ignoran las invitaciones a cenas con\nmeseros de guantes blancos, mantel de lino bordado, vela en candelabro de\nplata y champaña, no son fértiles ni se vuelven locas cuando entran a un\ncentro comercial. Ellas van a lo que van y terminan abrevando en la fuente\nmás dulce, lamiendo, gozando, y de paso, dejan a Patricio en un remanso de\npaz, de lasitud.\nPatricio en general duerme como un iluminado después de una sesión\nde excesos, pero en ocasion es se le aparece en sueños una criaturita femenina\nque quiere seguir con los deleites o un asesino de cabeza rapada que le\ndispara a quemarropa en el rostro. La verdad es que cuando Patricio decide\nrecurrir a las damas de vídeo, lo hace después de largas a bstinencias, cuando\nsabe que su esposa no estará disponible durante varios días. Es el pecadillo\níntimo de Patricio, su medalla al mérito oculto, su condecoración. Escapar de\nla casa como un ladrón, llegar al vídeocentro y dirigirse desver gonzadamente a\nla sección triple X. Recorrer las películas una a una, estudiándolas con\nescrúpulo de comerciante. Le atraen particularmente dos tenden cias: las de\nmujeres exóticas (filipinas, tailandesas, africanas) y las de jovencitas. No\nolvida la que filmaron Nicoleta y Danusa en las islas Seychelles. Detesta las de\nperversiones sangrientas, bestialismo y homosexuales. Adora las que respetan\nel entorno ecológico y las que se ocupan con minuciosidad del beso francés.\nLa más reciente invitada que tuvo en casa (anoche, q ue Catalina durmió\nen el cuarto de la niña) fue Daniella Mariposa Triple X, una jovencita que se\npasó toda la película encerrada en su habitación, con las manos entre las\npiernas, hablándole a la cámara, mientras miraba un sillón en el que\nimaginaba escena s. Daniella era una niña, tendría acaso 15 años, y sus ojos\nse redondeaban de pasmo cada vez que imaginaba ver en el sillón escenas\nescabrosas. Vio a una tailandesa, tan joven como ella misma, que se arqueaba\na la manera de una serpiente enfurecida mientra s un oriental\nextremadamente feo, le lamía con arte de orfebre una orquídea temblorosa.\nVio a una rubia, también joven, de dientes separados, que repasaba con su\nlengua como un pincel, la verga grande y saludable de un patán musculoso.\nSe vio a sí misma en un abrazo inverso con una mujer sabia, que tañía su\nsexo como un arpa.\nPatricio tuvo a Daniella en casa menos de doce horas, pero gracias a\nella derramó generosamente su placer dos veces. Por la mañana, se levantó\nsin ningún complejo de culpa al mismo t iempo que su esposa, tomó café con\nella y sacó el Ford de la cochera. Se despidieron sin un beso, pero con\ncortesía, casi sin rencor. En realidad no habían peleado la noche anterior.\nSolamente cambiaron una mirada equívoca y eso bastó para que Catalina\nbuscara dormir lejos. Gracias, se dijo Patricio cerrando la puerta con llave. Se\n6 frotó las manos, se dio dos palmaditas en el rostro, abrió el baúl de la ropa de\ninvierno y buscó a Daniella Mariposa Triple X. Besó el estuche y se dispuso al\ndeleite.\nA las n ueve de la mañana Patricio fue a casa de la tía Felipa, que vive a\ncincuenta metros, más allá de la tienda de abarrotes, para traer a la beba, que\nhabía pasado la noche allí. Le pidió a Celina que la vistiera, le diera su\ndesayuno y él mismo la llevó al kí nder. Luego regresó a casa, llamó a la oficina\npara disculparse, cerró la puerta de la habitación y se dispuso a gozar por\nsegunda vez de Daniella. Una vez terminado el asunto con un estertor\napasionado y un grito de soberana independencia, se bañó, descub rió sus\nnuevas canas y su arruga, se vistió para ir a la oficina (en realidad no tenía\nque hacer otra cosa sino estar sentado y esperar la visita de los proveedores,\nque nunca llegaban en lunes), pasó por la gasolinera, abandonó a Daniella en\nel vídeocentr o y escogió a su sucesora, una jovencita alemana de mirada\ncándida, se reintegró a la respetabilidad, no sin antes mirar con nostalgia a\nDiedre, Roberta, Nicoleta y suspirar de emoción al pensar en las noches por\nvenir con Cindy, Janice, Helga, Akiko y otr as cien criaturas que envidiarían el\nsultán de Brunei, el Jeque Nefzaqui y los más grandes desaforados que hayan\nexistido. Escondió a la pequeña alemana bajo la llanta de refacción y se\nprometió recluirla en el baúl lo más pronto posible. Se juró a sí mism o que no\niba a invitarla al jolgorio sin antes darle la oportunidad a su mujer. Esperaría\nexacta mente una semana, pasada la cual aprovecharía el primer enojo de\nCatalina para tener el pretexto justo.\nEl lunes sería un día pesado pues los dos desmanes c on Daniella\nhabían sido estragosos, pero era necesario soportar la rutina diaria (incluso ir\nal sauna con su esposa y comer en casa de los suegros). A cambio de ello,\nllegaría la noche (ojalá a Catalina no se le ocurriera hacer una fiestecita de\nreconcilia ción), el descanso, y el martes volvería a ser el licenciado Patricio\nDióscuro, encargado del departamento de proveeduría de Tribuna Popular. Alto\ny garboso, ventripotente, siempre vestido de manera juvenil, era el elemento\ncordial de la oficina. Fue tenis ta casi profesional, fue consejero de un\ncandidato del partido conservador, fue líder en el grupo scout del barrio, fue\nciclista y cumplió la hazaña de ir al puerto de Cartagena y regresar con el\npelotón, aunque llegara en último lugar. El currículum de lo que intentó ser\nresulta fatigoso por interminable y medio disparatado. De lo que no se puede\ndudar es que terminó su licenciatura en administración de empresas, pues el\ntítulo preside la sala de su casa y la copia del título le sirve de corona en las\nparedes de la oficina, que son un verdadero periódico mural. Es un inútil,\ndicen, y a Patricio no le interesa hacerles cambiar de opinión. Para él es regla\nla consoladora certeza de que fingirse tonto es la forma más sencilla de ser\nfeliz.\nPatricio cumple cas i todas las leyes de la decencia y el civismo. Es un\nhombre bueno. Tan bueno, dice Catalina, que pareces subdota do. Todo el\nmundo te engaña. Cualquiera te puede convencer de lo más increíble.\nCatalina sabe de las aficiones de su esposo por la pornografía. Ella misma,\ndespués de los desmanes en la casa de las columnas, vio media docena de\npelículas cochinonas con su esposo. La primera vez sintió naúseas, aquello le\npareció demasiado orgánico, poco honesto. Lo soportó hasta que los\n7 personajes se trenzaron en una escena contra natura poco estética.\n-¿En qué consiste lo hermoso del acto sexual y dónde comienza la\nvulgaridad?\nPatricio no supo responderle pero ella sí.\n-En primera medida debe haber algo más allá de la carne. Una melodía\ndiscreta, detalles gra ciosos en la escena, una expresión auténticamente\nhumana en los rostros. En segunda medida, se deben evitar los grandes\nplanos, los cuerpos deben verse parcialmente. En tercera medida las tomas\ndeben ser lentas y minuciosas.\nCatalina continuó disertando. Patricio no supo escucharla.\nCon las damas de vídeo era otro cantar: estaban sujetas a su capricho y\npor eso podía darles tiempo, sosiego, incluir pausas para alargar el deleite,\nsalir del cuarto a respirar aire puro y cuando el desfallecimiento ya fuera\ninevita ble, lanzarse con la espada en la mano contra el cielo, limpiar\ncuidadosamente la sangre y regresar a batallas más tristes.\nCuando vio la tercera o cuarta película Catalina comenzó a detallar con\ninterés casi científico las felaciones y a darse c uenta de que las tipas aquellas\nen ocasiones sí tenían algo que enseñarle. Eran como artistas pacientes que\ncon la lengua levanta ban esculturas que alcanzarían su apogeo en el mismo\ninstante en que se iniciaran la caída.\n-Y el asunto ese de la felación. No sé, creo que oculta algo que nadie ha\npodido descubrir o por lo menos que no se han atrevido a revelar.\n-¿Qué?\n-No es la necesidad de humillarse. Es algo más. Como querer apropiarse\nde la sustancia del otro. Como querer ser el otro. Un asunto que tie ne que ver\ncon el canibalismo, con nuestros antepasados. Pero esto sucede si y\nsolamente si -Catalina en raras ocasiones saca a relucir sus filosofías, pero a\nveces vale la pena escucharla - la felación es resultado del más absoluto amor\ny de una pasión del instante. Como que volvemos a ser las bestias que fuimos\nantes de ser seres humanos con conciencia.\nPatricio prefirió no teorizar. La verdad es que en la vida real él prefería\nlos negocios limpios y expeditos, sin barroquismos antropológicos o\ncursilería s. Y el asunto del amor con Catalina le resultaba en general muy\nsazonado. Demasiadas fantasías revoloteando en la penumbra, presencias\nocultas en las sombras, ruidos, murmullos, súbitas detenciones. O tal vez el\nproblema era que su esposa siempre quería l as cosas a su manera, con una\naburridora igualdad de oportuni dades en la que Patricio alcanzando un leve\nplacer se consideraba habitualmente perdedor.\nY después, cuando iban juntos al vídeocentro, Catalina tomaba con\nretador desparpajo las películas trip le X, estudiaba los estuches y hacía\ncomentarios en general burlones. (Qué le podían enseñar esas individuas, si\nella misma movida por la naturaleza fogosa e impaciente o por los demonios\nde los espejos se había atrevido a llenarse la boca sin recato!\nEntonces fue Patricio quien comenzó a alejar a su cónyuge de esas\n8 películas. No quería tener una esposa perversa, no tan perversa. Que se\natreviera a todo en la cama, pero que no se aficionara a la pornografía. Aquello\nera un vicio sucio y contami nante, un vicio de hombres, que sólo se permitían\nen las fiestas de fin de semana, cada vez más escasas por la infinidad de\nincidentes de la vida y el humor cada vez más agrio y veleidoso (cada vez más\nfilosófico y lleno de imaginaciones) de Catalina.\n-¿No te aburr e saber que vas a hacer lo mismo una y otra vez con la\nmisma persona durante treinta o cuarenta años?\n-No me aburro de respirar, y eso lo hago cada dos segundos.\nLa verdad es que sí había una dosis de aburrimiento con su esposa y\nello tenía que ver con la rutina. Si lograban escapar de la casa, del trabajo y la\nciudad, y hacerlo cerca de la playa, en la montaña o en un hotelito de paso\ncercano -cómo olvidar la casa de las columnas -, el acto resultaba memora ble.\nEra como un retoñar de aquella vieja pasi ón de los primeros días, cuando\npodían hacerlo tres o cuatro veces en una noche y Catalina lloraba\nsilenciosamente de dicha y pena a la vez. Entonces todo era simple y estaba\nrodeado por un halo de candor.\nPatricio logró alejar a su esposa de la pornogr afía. Pero él mismo no\npudo abandonar a sus mujeres de vídeo. Cuando pasaban semanas y hasta\nmeses sin que Catalina fuera propicia, Patricio perdía el sueño, se levantaba a\nmedia noche, bajaba al bar y poco a poco se iba dejando ganar por la idea de\nque se acercaba la hora de esa especie de reivindicación y de consuelo. Es\nclaro que se avergonzaba del asunto y que muy en el fondo sufría por la\nañoranza de una especie de santidad conyugal que ya no podría sustentar. Es\nclaro también que Catalina tenía parte de la culpa, por no cumplir con sus\ndeberes constante y periódicamente. Había de todos modos una reserva de\nfelicidad en ese vicio oculto: saber que sí podía serle infiel a su esposa, aunque\nfuera con señoras de celuloide. Era su partecita podrida, su gusa no en la\nmanzana. Todos los seres humanos tienen su gusanito, se decía. El de\nCatalina era una necesidad de analizarlo todo, de mentirse a sí misma con\nimaginaciones, una especie de neurosis obsesiva que la llevaba a destruir\ncualquier principio de armonía . Se le perdonaba eso y lo demás, porque así\ncomo sabía odiar a fondo y estaba a punto de mandarlo todo al infierno por\nuna pequeñez (y todo era más que suficiente: la casa de tres niveles, el auto,\nuna sirvienta a veces, los niños en buenas escuelas y vac aciones dos veces al\naño) también era una mujer amorosa, dedicada a sus hijos, ordenada, y, sobre\ntodo, eficiente. Ella era la que aportaba el 75 por ciento de los ingresos\nfamiliares y la que los administraba. A su esposo le proporcionaba apenas lo\nsufici ente para la gasolina, el periódico y 200 000 pesos semanales en efectivo\npara gastos de emergencia. Entre los gastos de emergencia, entraban,\nnaturalmente, las damas de vídeo.\nCuando el licenciado regresó el lunes de su trabajo, agotado por la\ninactivida d de la oficina y las batallas de la noche anterior y la mañana, vio\nque su mujer abría la puerta de la casa con una amabili dad sorprendente.\nEstaba de buen humor. Ofreció sus labios al beso. Patricio la abrazó\nestrechamente, la miró a los ojos y le pregu ntó retador:\n9 -¿Será posible que esta noche tengamos una fiestecita?\nCatalina suspiró, agarró de las orejas a su marido y clavándo le los ojos\nen las pupilas, le dijo:\n-Entiéndeme, amor, no me interesa. Estoy en un periodo de balance\nemocional. Prefiero dormir en el cuarto de la niña.\nPatricio esbozó su muy sincera sonrisa de santo. La clave de la felicidad\nmatrimonial era sencillísima: a la mujer, lo que quiera.\nCerró los ojos por un segundo y recordó la expresión cándida de la\npequeña alemana, que lo esperaba ansiosa en el fondo del baúl de la ropa de\ninvierno. ¿Por qué hacerla esperar una semana?\nEl licenciado Patricio Dióscuro vio que sus hijos corrían hacia él, abrió\nlos brazos y la recibió como quien recibe un beso de Dios en la frente.\n3. Sueño s de un buen cristiano\no mismo abrí la puerta y volví a cerrarla antes que el viento y la lluvia\nconvirtieran la sala en un paisaje de catástrofe. Le permití entrar por\nelemental compasión. Lo que vi podría haber sido cualquier cosa, pero nunca\nlo que re sultaría ser, una criatura tan desquiciante, tan sutil y de alguna\nforma prescindible: un enorme pantalón como de payaso, un suéter gris -perro\ndemasiado grande, la cabellera como una gran mano negra, brillante y salvaje,\ncubriéndole el rostro, la espalda y los ojos, unos ojos esquivos, movedizos. No\nsupe cómo se le ocurrió a Catalina aceptarla en casa. Creí ver en ella una\nmirada torva, como de ave de rapiña. O tímida, humillada por la vida. A partir\nde ese instante fueron precisamente sus ojos los que me d esconcertaron.\nDesde el primer momento se empeñó en trabajar mirando al mundo de\nmanera oblicua, no por humildad, supongo, sino por recelo, y no quiso\nsentarse a comer sino que anduvo por toda la casa husmeando el terreno y\ntocando las cosas con desconfian za de ciego. No sabía leer ni hacer cuentas,\npero sí cocinar lo básico, desollarse las manos lavando ropa y repetir con\nfidelidad de grabadora los mensajes. Por sus rasgos conjeturé que venía de\nArauca o Caquetá, de un pueblo al que sólo llegaría la civili zación como una\nsospecha. Tocó a nuestra puerta gracias a la recomendación de la agencia de\nturismo, la misma que nos tuvo en la casa de las columnas. No entiendo cómo\nfue que Catalina, que guarda tan extraña memoria de aquella casa y tantas\nsospechas de l a famosa agencia, aceptó que trabajara en casa. Al segundo día\nle dijo a mi mujer que estaba incómoda, que no se hallaba. Tal vez porque su\nbaño es de rejillas de madera y cuando está en menesteres íntimos se siente\ncomo inmersa en una pecera. El caso es q ue la niña no se ha bañado desde\nque llegó. Cuando se la invita a que coma, dice en voz baja que más tarde. Y si\nse le insiste, simplemente pone un poco de arroz en un plato y se lo come de\npie. En su medio español dice: Así como yo y así me alimento mejo r. Y uno\npiensa en un perro que alterna el comer y el mirar temeroso a su alrededor. Y\n10 Ya tiene sus pechitos desarrollados y deben ser una imagen del cielo.\nVeo como levantan los tejidos de su suéter gris -perro y la imaginación se me\nllena de aire fresco observándola respirar. La casa por primera vez en muchos\ndías está ordenada, aunque hay secciones en desorden, lo que es natural,\nsiendo nuestra asistente doméstica apenas una niña.\nAl tercer día de la llegada de la muchachita mi esposa y yo estuvimos\ndeambulando por la casa hasta que dieron las diez, hora de dormir a los niños\ny de clausurar las rutinas domésticas. (Cada vez que cierro la puerta de la\nhabitación conyugal imagino que abrimos paso a un territorio distinto, más\nlibre y emocionante, en el qu e todo está santificado por la presencia de un\nCristo que nos mira complaciente desde su cruz, también pienso que las\ndepresiones, los fantasmas que visitan a Catalina, algún día desaparecerán y\nvolveremos a ser los de antes). Nos despedimos de Atiú, le di mos nuevas\ncobijas y la mandamos a la cama. Nos acostamos, vimos el noticiero, mi\nesposa jugó con el control remoto hasta que propuso, durmámonos, y casi\ninmediatamente cumplió su propósito. Yo no pude. Mi cuerpo todo parecía un\ninmenso receptor, una cosa grande, gozosa, dolorida y despelleja que estaba al\nacecho de sonidos, olores, temblores, vibraciones, sombras. La saliva se\ncondensaba en mi boca. De mi estómago ascendía un humor agridulce. No\nhabía ruidos en el cuarto de los niños ni en la biblioteca e incluso el perro, al\nque dejamos dentro de la casa cuando hace frío, no daba señas de estar\ndespierto. La idea de hacer una excursión nocturna y pasar cerca de su\nhabitación no me pareció nada prudente. Atiú estaba demasiado fresca en\ncasa. Me desnudé, c omo de costumbre cuando veo que mi esposa está\ndormida, y me tendí a su lado para disfrutar del calor animal de su cuerpo.\nMe ceñí con fuerza a Catalina. No sé por qué me acogota la angustia cuando\nveo que ella se entrega al sueño y me deja como un náufra go en la orilla. A\nveces basta rodear con un brazo su cuello o abarcar su cintura o posar mis\nmanos en la tersura de sus muslos para sentirme arrastrado, libre de\nexpectativas, de ansias y debilidades. Pero no esa noche. El tic tac del reloj de\npéndulo me arrojaba de pared a pared, dejándome sangrante y sudoroso, en\nun entresueño de pesadillas, de las que salía a flote con la idea de que los ojos\nde Atiú acechaban en la oscuridad. Comencé el movimiento de salir de la\ncama para ir abajo a buscar un trago. An tes de que cerrara la puerta de la\nhabitación conyugal, Catalina, que aun dormida conserva los buenos\nmodales, me dijo no olvides ponerte la bata, recuerda que hay extraños. Y es\nque tengo la vieja costumbre de andar en paños menores por la casa cuando\ntodos están dormidos. Me fui paso a pasito con la bata pesando sobre mi\ncuerpo. Estaba tan negra la noche que decidí cerrar los ojos y jugar a adivinar\nmi camino. Fui a la cocina y regresé al dormitorio con el trago y un cigarrillo\niluminando mi paso. No me atreví a desviarme hacia la habitación de servicio.\nMientras ascendía por las escaleras algo en mí comenzaba a rasgarse. Era\ncomo si el cuerpo tirara hacia abajo y el espíritu hacia arriba. O al revés. Para\nentonces ya serían las dos de la mañana. Cuando entré a la habitación,\nCatalina estaba fingiendo dormir. Lo supe porque al acercarme a ella, lanzó\nun suspiro que conozco bien, resignación, alivio o advertencia, no sé. Cayó en\nel anzuelo, me quitó el cigarrillo de la boca y le dio mejor uso a mis labios,\nmientras ella aspiraba el humo con largueza y apasionamiento. Escuché ruido\nde pasos acolchados y pensé que era el perro, ahora sí despierto, alertado por\n11 nuestros susurros y sin embargo, como de costumbre, discreto. Ya me había\nacostumbrado a encontrarlo tendido a la puerta del cuarto, con el hocico entre\nlas patas, durante las vigilias de amor. Esa noche fue una de las que apunto\nen el calendario, Catalina estuvo más elocuente y osada que nunca. Uno de\nmis principios morales: no hay que llevar demasiado lejos la perversión con la\nesposa. El Cristo es testigo de que tengo sentido de los límites. Y así estuvo la\nmolienda, alargada como de costumbre por Catalina hasta la exasperación y\nluego, cuando me tocó a mí el deleite, se ocupó con impiedad y me fue\nacabando muy pronto de modo que tuve que decirle que rápido me abriera las\npuertas y apenas llegué me pude descargar en ella en parte y en las sábanas\nel resto y Catalina se enfurruñó, dormimos espalda con espalda y al día\nsiguiente ella, yo y los niños, todo s llegamos tarde al trabajo y a la escuela.\nCosas de la vida.\nUn secretito: por fin Atiú se ha bañado. Lo hizo con la luz apagada. Al\npasar a su lado un olor indiscernible me trajo incómodos recuerdos, detalles\nde niño que uno evoca ya viejo. Eso y la pri mera comunión fueron mis\ngrandes emociones. Las ventanillas de mi nariz se ampliaron para oler su piel\nrecién lavada. Pero lo que más me impresionó no fue el olor, sino la larguísima\ncabellera negra, húmeda, esa gran mano destellante que se despeñaba en un\ntorrente de agua violenta desde su cabeza, torneando su nuca, sus hombros,\nsu espalda, la curvatura del inicio de sus ancas. Una cabellera que en lugar de\nvestirla lo que hacía era desnudarla. Al sentirme pasar a su lado levantó\nligeramente los ojos e hiz o con sus labios un rictus que me pareció de falsa\ncontrariedad o coquetería. Quise adivinar una sonrisa. Sin duda ya se dio\ncuenta. Lo que no sabe es si me puedo atrever o no. Recibí el latigazo de su\ncabellera y seguí de largo.\nAl cuarto día Catalina h abló en privado con Atiú. Luego me llamó. Se va\na ir, te lo digo, simplemente no se halla. Le pedí que le diera confianza, que la\nllevara de compras. Eso hizo. Pasaron la tarde juntas y ahora Atiú está\npintando con los sagrados pinceles de Catalina. Y es q ue la ha impresionado.\nSi hay algo que le llame la atención a mi Catalina es la gente trabajadora, la\ngente ordenada, y Atiú lo es. Esta noche tomaremos café e iremos a la cama.\nNo creo que suceda nada interesante. Pero quién sabe. Los caminos del Señor\nson inescrutables. Ya en la cama hago un balance: lo del primer baño de Atiú\ntendría otros pormenores. Al pasar al lado de ella sentí un olor curioso, no era\nel aroma común de un jabón barato, ahora lo comprendo, sino algo más\nfuerte. Imaginé baños de hierba s y cosas de esas. Sortilegios, enjuages,\nlimpias, asuntos de indios. Luego, al ir a investigar al baño, me di cuenta. El\njabón de la ropa, el mismo que usamos para bañar al perro, estaba húmedo.\nPobre Atiú, tan humilde que no se considera digna de un jab ón de aroma.\nOtro dato: al servirme el café, se acercó bastante. Rozó con su mano mi rostro\nsin turbación alguna, con naturalidad, imaginé que lentamente. Su larga\ncabellera fue como una brisa tibia a mi lado. No pude evitar estremecerme de\nplacer. Afortun adamente Catalina no lo notó. Más tarde, mientras le miraba\nlas piernas (oscuras, largas, fuertes como las de una pantera, ya sin los\npantalones de payaso, con una falda amplia y adornada por olanes como\norejas de elefante, ropa que le han regalado, sin du da) me di cuenta de que\nCatalina había visto que yo estaba mirando a la niña, pero fingió no haberlo\n12 notado.\n-No me lo vas a creer -dijo Roberto Guaraldo en la oficina - pero\nsospecho que las esposas lo hacen a propósito. Contratan a cabritas para\nabrirle el apetito a sus viejos cabrones.\nNunca falta un morboso como Guaraldo en las oficinas.\nPor la mañana repetimos todos los rituales de la eternidad. Catalina\nhaciendo pereza apagó el despertador. La siguiente noticia fue que faltaban\nquince minutos para las siete y era necesario colocar a Patricio en la escuela,\nbañado, desayunado y con todo su equipo de libros, uniforme deportivo,\nlonchera, cuadernos firmados, en orden. Un verdadero record mundial. Lo\nlogramos. Luego fue la batalla con Diana, que había d ado en fingirse enferma\npara no ir al kínder. Y mientras tanto Atiú seguía durmiendo y Catalina le\nrespetaba el sueño porque ayer había estado resfriada. Bueno, ya con\nPatricio, Diana y Catalina colocados en sus respectivos lugares (mi mujer es\ngerenta de ventas de una línea aérea), tomé la decisión. Si el tren iba a pasar\njusto por la mitad de la sala, que pasara. Calenté el boiler diciéndome que lo\nde la higiene era lo más sencillo y natural del mundo, una especie de recurso\nuniversal, es decir, la gran alianza. Entré al baño, me desnudé y abrí la llave\ndel agua caliente. Sabía o suponía que Atiú iba a hacer exactamente lo que le\npidiera. Tonita -así la llamo a veces -, ven acá por favor, dije sin poner\nautoridad alguna en mi voz, apenas con un poco de car iño que no fuera muy\nevidente. La niña se acercó al baño enrejado y permaneció a la escucha.\n-Mira, Atiú, ya me di cuenta de que ayer te bañaste con el jabón del\nperro. Eso no está bien. Es necesario que te bañes bien y que te quites esa\nporquería pues t e puede dar hasta sarna. Entra y báñate.\nAtiú entró. Ni siquiera protestó porque yo estuviera desnudo. -Quítate\nla ropa, le dije sin voltearme a verla.\nHubo un intento de protesta.\nPidió que la perdonara, dijo que el baño era muy estrecho, propuso qu e\nprimero uno y luego otro. Le respondí que no se preocupara, que donde se\nbaña uno se bañan dos, le dije que se apurara.\n-Termina de desvestirte que voy a bañarte como nunca te has bañando.\nAdiviné con el rabillo del ojo que la niña estaba iniciando el movimiento\nde desvestirse. No quise voltearme pues temía asustarla y además suponía\nque el ver sus prendas interiores sucias o rotas me desilusionaría. Voy a ser\nmuy cauto, me dije.\nAcércate. Atiú se acercó. Métete debajo del agua, mójate bien. La nen a\nlo hizo. No la miré sino lo indispensable. Aquello era como el cuerpo de una\nnutria recién salida de un espejo de agua en la selva, un terciopelo liso,\nbruñido y duro como la caoba. Tomé el jabón y comencé a acariciar su\nespalda. El jabón se deslizaba co n el cariño de la mano de un amante. Llegué\na sus nalgas y luego conduje mi mano con el jabón hacia el frente de su\ncuerpo, donde me entretuve en el ombligo. Luego estuve en una lucha entre el\nnorte y el sur. Triunfó el norte y me dirigí a sus pechitos. Ya para entonces, oh\ndios de los anhelantes, tenía que ocultar lo inocultable. Dirigí el jabón hacia\n13 su bustito y lenta, muy lentamente, estuve bordeando las faldas y apenas\nrocé, con un tacto suavísimo, las cimas, para luego huir a zonas más neutras,\nsu cu ello, su rostro, la nuca, los omóplatos. En ese momento sonó el teléfono\ny supe que en la oficina me estaban extrañando. Por un instante sentí que la\nintromisión de aquel aparato infernal nos alejaba de la intimidad que tan\ndifícilmente habíamos logrado y que la niña, súbitamente, había comenzado a\npercatarse de que aquello no estaba bien. El teléfono, señor, dijo Atiú. Déjalo\nsonar, respondí. Veinte años de puntualidad representan un récord que pocos\npueden soslayar. Ella permanecía en silencio, no sé si d isfrutando del agua,\ntratando de hallar un significado a lo que estaba sucediendo o buscando una\nrespuesta adecuada a mis ceremonias. Finalmente exclamó con inocultable\nplacer está caliente. )Nunca te habías bañado con agua caliente?, le pregunté.\nNo señor , dijo, es lindo, y además es mi primer trabajo con la agencia. No\nquise interpretar su respuesta. Me puse de rodillas y le enjaboné las corvas,\nlos muslos, y con muchísimo tiento los entremuslos. Atiú abrió poquito las\npiernas y permitió la higiene. Vio e ntonces lo que era inevitable y expresó\ncuriosidad. Mi vergüenza, al sentirse aludida, dio un envión, pero\nafortunadamente pude contenerla.\nLo que pasa, dije, es que el agua caliente hace que el cuerpo sufra\ncambios. Atiú me miró y se miró a sí misma son riente y dijo tiene razón el\nseñor. De ahí no pasó la cosa. Atiú se secó con su toalla, una especie de trapo\nde piso. Yo arreglé mis asuntos y salí para la oficina, no sin antes decirle lo del\nbaño es asunto privado entre tú y yo, ya sabes que Catalina es muy\nquisquillosa. Atiú asintió con un lindo caer de pestañas. Sus ojos no eran de\nave de rapiña sino de canario, redondos, asombrados. De nuevo recurrió a su\nfalda con olanes gigantescos y a su suéter gris -perro. Me prometí comprarle\nuna ropita menos apara tosa. En el pelo que caía a sus espaldas, a nivel de la\ncintura, se había anudado una cinta de color rosado.\nEl día anterior, cuando estaba ante la computadora con la puerta\nsemiabierta, la niña se acercó, tocó con delicadeza y me preguntó algo, no\nrecue rdo qué. Me miró con curiosidad y luego, bajando los ojos dijo usté\nperdone, señor, tiene el suéter al revés. Se lo agradecí grandemente. Les\naseguro que habría ido a la oficina con el suéter al revés, lo que me hubiera\nconvertido en el hazmerreír de todos y no me daría cuenta hasta que regresara\na casa y Catalina me hiciera notar la bobería.\nQuinto día. Poco a poco va tomando confianza. Su media sonrisa se\ntransformó en franca alegría. Ya le hace travesuras a Diana. Le cubre los ojos\ncon las manos y preg unta quién soy. Quiere estudiar. En un momento\naprendió a leer la hora y la tabla del dos. Ahora que salió el sol usa una faldita\ncorta, de tejido tenue, que me consuela. Basta. Son las doce de la noche.\nSentado en mi reposet, de pronto doy un salto. Si le digo que le voy a enseñar\nsecretitos y la inicio así de golpe y comenzamos a llevar una vida secreta\ndespués de la medianoche, cuando todos duermen. Podría ser una bonita\nhistoria, siempre que no hubiera remordimientos o consecuencias. El\nproblema sería e l cansancio, la dificultad de llevar doble vida. Todo está en\nque ella conserve la inocencia y en que yo no me deje vencer por un moralismo\nde baja calidad. San Agustín supo pecar y luego redimirse. Hasta para ser\nmalvadillo se necesita clase. Lo cristiano no quita lo perverso. Bien dice san\n14 Pablo que los pecados de la imaginación son disculpables. Atiú acaba de\nentrar y retira, con toda confianza, la ceniza de mi tercer cigarrillo del día. La\nniña cumple al pie de la letra lo que le digo. Porta una cinta a zul amarrada en\nuna muñeca. Ya entiende que mi estudio es sitio sagrado, que debe estar\nsiempre limpio. Pienso en la facilidad con que permite el contacto de sus\nmanos con las mías. Y ahora recuerdo que anoche, una vez que vi a Catalina\ndormida, fui a visi tar a los niños, los cubrí bien y les di sus besos. Luego bajé\na desocupar la vejiga y a tomar agua. Después subí a la azotea a mirar las\nestrellas. Escuché que Atiú tosía y supuse que su tos era un recurso para\nllamar mi atención. Oí su voz suplicante. Se ñor, me siento malita.\nEntré a su cuarto. Inmediatamente un olor violento me acometió. Vi sus\npies desnudos y llegué a la fácil conclusión de que los baños no bastaban para\ncivilizar a la niña. La pobre traía años de olores atrasados. Me duele el\npechito , dijo. Me acerqué. Metí mi mano bajo su blusa y sentí su pecho\nbrincar como una ratita en un sartén ardiente. Con razón, tienes fiebre, le\ndije.\n-Lo que necesitas es un masajito. Quítate la blusa.\nLo hizo y me mostró con confianza casi conyugal sus pec hos. Una\ndelicia como sólo la ha pintado Bougereau, apenas brotando jubilosos,\ncreciendo frutales, de maravilla, llenos de entusiasmo. Se siente bonito, dijo,\ntiene su mercé buena mano, seguro que todo lo que siembre va a crecer, qué\ndichosa debe ser la se ñora Cata, con esas manotas suyas de usté para ella\nsolita. Estaba sonriendo en la oscuridad y sus facciones aun más oscuras\nresaltaban el blanco de sus dientes y el fulgor de sus ojos. Le preparé un té de\ncanela, que bebió caliente, lo que la puso a sudar . Ahora a dormir, le dije.\nCuando yo iba bajando las escaleras sentí que suspiraba, ya su tos era más\nmesurada, como si la visita le hubiera calmado las ansias.\nOctavo día. Ayer, antes de que todos saliéramos como pavos navideños\nhacia la iglesia, Atiú n os llamó aparte y nos dijo que se va a ir, que quiere\nregresar al rancho y olvidarse de los trabajos de la agencia. Mi mujer me mira\ncon suspicacia de te lo dije. Sin quererlo, sin pensarlo, le digo sí, hijita, tienes\nque irte, trece años no es una edad pa ra andar sola por el mundo, hay mucha\ngente mala, lo bueno es que caíste en casa de buenos cristianos. Ya en la\niglesia no pude armar ni un Padre Nuestro. Cerré los ojos y me entregué a la\ndevoción de recuperarla. Su busto, sus piernas, su olor, su mal olo r, su\ncabellera, sus manos, su boca, su entrepierna, la caída de sus pestañas, el\ntorneado de sus nalgas, la media sonrisa, e fulgor de sus ojos. Al regresar me\ndediqué a mirarla con mayor fruición. Cada vez que pasaba a mi lado se me\niba el alma con ella. No dudo que mi mujer estuviera disfrutando del asunto.\nEs posible que Guaraldo tenga razón. En ocasiones la sonrisa soterrada de\nAtiú me hace suponer que no es tan casta como parece. Tal vez guarde su\nsecreto, tal vez sea una putica que trabaja por encarg o de la agencia y con la\ncomplicidad de las esposas. De todos modos cada vez que pasa a mi lado mis\nojos se van hacia ella irremediable mente y espío su busto y sus nalguitas con\navidez y miro sus piernas. Ella se deja mirar. Le divierte notarlo. A veces se\npasa de amable. Está pendiente de cada uno de mis caprichos para\ncumplirlos. Ayer, antes de que yo saliera rumbo a mi trabajo, me dijo, Don\n15 Patricio, tiene un cordón de zapato desamarrado, e inmediatamente se puso\nde rodillas a amarrarlo. Y sin embargo su servicialidad no es obsecuente.\nAnoche subí, a eso de las doce y olí sus patas. Me acerqué a ella y le dije sabes\nqué, Atiú, te huelen mal los pies. Quiero que te bañes ahora mismo. Ella\nobedeció. Yo bajé las escaleras y estuve imaginando su baño, mient ras\nabrazaba a mi mujer. No podía atreverme a más.\nPor la mañana vi tendida la ropa de Atiú, pero no hallé prendas\ninteriores. O tiene apenas un calzón y un corpiño o esconde sus mudas de\nropa. Atiú ya dijo que se va a ir de la casa el 31 de marzo, entonc es terminará\nesta tortura y regresaré a ser el de antes. Casi me siento en paz con el Señor.\nAcaso sea una prueba más. ¿Vale la pena dejarse llevar por el pecado? No sé.\nA veces gozo esta situación, pero definitivamente no sufro por ella. Atiú ha\nllorado i nconsolablemente. No quiere irse, pero quiere irse, en realidad no\nsabe lo que quiere. Y ya mi esposa decidió que si ella no se va, nosotros la\nechamos a la calle.\nNos visitó la sirvienta perfecta. Rechoncha, eficiente, servicial,\nasexuada, con bigote y cuello de toro, una boyacence rubicunda que podría\necharse un bulto de cien libras a la espalda sin fruncir el ceño. No espera\nnada de la vida sino levantar a sus hijos, trabajar y morir tranquila. A eso\naspira. Mi mujer confía en ella. Le pidió que regre sara dentro de una semana:\ndoble sueldo y dos días semanales libres. Ya Atiú ha dado muestras de pereza\nadolescente. No vamos a esperar hasta el 31 de marzo. Que se vaya, eso es.\nResulta una pena, pero yo estoy de acuerdo. Esto no puede seguir. Amanece.\nAtiú trabaja con melancolía. Acaricia la escoba, pasa las manos lentamente\nsobre los platos, parece estar dejando algo de sí en cada cosa que toca. Esta\ntarde se va. Me prepara el desayuno, plancha mi ropa, alista el termo de mi\ncafé para la oficina. No deja de llorar. No sé qué hacer. Estoy a punto de salir\ncon mi maletín. Será la última vez que la vea a solas. Atiú me abre la puerta.\nTiene las manos sobre el rostro. Cuando ya estoy montado en el coche, me\nllama.\nDon Patricito, dice sin separar las manos d e su rostro, lágrimas\nescurren entre sus dedos, quiero pedirle una cosa. Lo que quieras, respondo.\nYo he visto como quiere su mercé a la señora, los he pensado apercolladitos\nmientras duermen a lo oscuro de la mañana, escuché varias noches los ruidos\ndel amor, quiero pedirle una cosa y me da mucha pena.\n-Lo que quieras -le digo irresponsablemente.\n-Quiero que esta mañana no vaya a la oficina, que se quede conmigo,\nque se me lleve a la cama de sus mercedes, que me abrace como abraza a la\nseñora Catalina, que me tenga así acongojada unos tres minutitos, y después,\nsi quiere, me hace las cosas del amor, yo me dejo, sé que duele, me dijo mi\nmamá y la agencia me advirtió que está prohibido, pero también sé que nadie\npodrá hacerme la primera visita con cariño y respeto como su mercé y yo,\nsabe, se lo agradeceré toda la vida, y le juro por la virgencita que no se lo diré\na nadie, lo guardaré como una carta de amor.\n¿Qué hacer? Cumplí su deseo. La niña estaba entera, como uno de esos\npollitos que no terminan d e salir del cascarón y a los que hay que ayudarles a\n16 nacer. Después de mantenerse con los ojos cerrados, en paz, ya sin llorar, se\nentregó con dulzura y fui tan cauto, tan cariñoso como sólo puede serlo un\nhombre en el último hervor, sabiendo que a Atiú la espera allá afuera un\nmundo que tal vez no le sea propicio, pero que con el recuerdo de esa mañana\nde amor, tal vez le sea más leve, como acaso lo sea para mí lo que resta del\ncamino para llegar a donde me toca. Espero que el Señor comprenda y sepa\nperdon ar, si es que hay pecado.\nA las doce, me llamaron de la oficina. Tuve que ir. Cuando regresé a\ncasa, Atiú no estaba. Y al entrar a la habitación conyugal creí ver que el Cristo\nque tenemos sobre la cama me guiñaba un ojo."
}