{
    "id": "137",
    "nombre": "etica del humor.pdf",
    "fecha_generado": "2025-05-29",
    "Categoria": "Comedia",
    "texto": "ILEMATA año 6 (2014), nº 15, 215-231\nISSN 1989-7022Ética del humor\ny diversidad cultural\nEthics of Humor\nand Cultural DiversityJuan Carlos Siurana\nUniversitat de València\nJuan.C.Siurana@uv.es\n1. Hacia una “ética del humor”\nDesde los años 70 del siglo XX, y de manera especialmente abrumadora desde\nlos años 90, se ha producido una verdadera explosión de publicaciones sobre los\ndiversos campos de las llamadas “éticas aplicadas”. Cabría pensar que siendo el\nhumor un fenómeno tan universal (que todos los seres humanos compartimos)\ny tan cotidiano (pensemos en cuántas veces reímos o escuchamos mensajes\nhumorísticos a lo largo de un solo día), habría sido también objeto de atención\nde manera específica por las éticas aplicadas, pero, sorprendentemente, ese\nno ha sido el caso. Si bien es cierto que la bibliografía sobre el humor es\ninmensa, pues se ha escrito tanto sobre el tema a lo largo de la historia y en la\nactualidad que necesitaríamos varias vidas para poder leer todo ese material,\nson realmente muy pocas las publicaciones que han intentado hacer ética\naplicada al humor.\nReceived: 28/04/2014\nAccepted: 01/05/2014Resumen : Entiendo el humor como la capacidad para per -\ncibir algo como gracioso, lo cual activa la emoción de la\nhilaridad, que se expresa a través de la sonrisa o la risa.\nEl umbral para percibir algo como gracioso y experimen -\ntar la hilaridad puede variar de un individuo a otros, o en\nun mismo individuo, por diversos factores, y uno de ellos\nes su educación ética. La ética del humor trata de formar\nen el humor ético, para aprender a reír en el momento\noportuno, en el grado correcto y por los motivos justifica -\ndos. El humor tiene límites éticos que es importante pre -\ncisar. No podemos escudarnos en la expresión “era una\nbroma” para albergar comentarios despectivos. Tendre -\nmos que afrontar el conflicto entre proteger la libertad de\nexpresión y proteger a aquellos que puedan ser víctimas\nde su mal uso. El humor puede contribuir a desarrollar\nuna visión crítica de la propia cultura.\nPalabRas -clave: Ética del humor, humor ético, diversidad cul -\ntural, libertad de expresión, cultura, humorabstRact : I understand humor as the ability to perceive\nsomething as funny, which activates the emotion of mirth,\nexpressed through a smile or laughter. The threshold for\nperceiving something as funny and experiencing mirth\nmay vary from one individual to another or within the\nsame individual, for different reasons, and one of them is\ntheir ethics education. The ethics of humor tries to teach\nin the ethical humor, to learn how to laugh at the right\ntime, at the right level and for justified reasons. Humor\nhas ethical boundaries that is important to note. We can -\nnot hide behind the phrase “it was just a joke” to host\nderogatory comments. We will have to face the conflict\nbetween protecting freedom of expression and protect -\ning those who may be victims of misuse. Humor can help\ndevelop a critical view of our own culture.\nKeywoRds : Ethics of humor, ethical humor, cultural diver -\nsity, freedom of expression, culture, humor\nActuAlidAd de lAs éticAs AplicAdAs , cinco Años después . especiAl número 15\nDILEMATA , año 6 (2014), nº 15, 215-231\nISSN 1989-7022\n216\nJuan Carlos siuranaPor supuesto, existen libros de autores clásicos que han abordado el tema del\nhumor desde una perspectiva ética, entre ellos, Aristóteles (2002), Tomás de Aquino\n(2005), Shaftesbury (1995), Kant (2011), Kierkegaard (2010), Nietzsche (1985),\nLipps (2013), Höffding (2007), Bergson (2008), Freud (1992 y 2012) o Pirandello\n(2007), aunque en su mayoría ha sido ofreciendo pequeños comentarios al respecto\nen obras dedicadas a otros intereses (solo en algunos casos, en obras dedicadas\níntegramente al humor), y autores contemporáneos que han escrito algún artículo\nen alguna revista científica, o algún capítulo de libro sobre la “ética del humor”,\ndentro de un libro que perseguía otros intereses generales. Pero es prácticamente\ninexistente el intento de abordar de manera monográfica la “ética del humor” como\nética aplicada en el sentido actual de la tarea. Quizás los autores que más se hayan\naproximado a este objetivo en tiempo reciente sean Francis H. Buckley, con su libro\ntitulado The Morality of Laughter (2003), y John Morreall en su libro titulado Comic\nRelief. A Comprehensive Philosophy of Humor (2009), que dedica dos capítulos\nexclusivamente a la ética del humor.\nEn este artículo voy a mostrar brevemente el panorama actual a nivel internacional\ny nacional de los estudios sobre el humor, para dar a conocer algunos de los grupos\nde investigaci ón y autores que tomo como referencia en mi tarea actual de elaborar\nuna “ética del humor”, t area que considero necesaria para contribuir a la mejora ética\nde los seres humanos, las organizaciones y las sociedades. De manera específica,\nofreceré aquí, al final del texto, algunas ideas sobre su relación con la cuestión de\nla diversidad cultural.\n2. Asociaciones, revistas científicas, redes y centros internacionales\nAunque la reflexión filosófica sobre el humor es tan antigua como la filosofía misma,\nla oportunidad de ocuparnos de este tema ha cobrado en las últimas décadas una\nespecial relevancia con el surgimiento de la International Society for Humor Studies\n(Sociedad Internacional para los Estudios sobre el Humor) (ISHS, 2014). Esta sociedad\ncelebró su primer congreso en Cardiff, Gales, en 1976, siendo sus organizadores\nAntony Chapman, de la Universidad de Leeds, y Hugh Foot, de la Universidad de\nCardiff. Desde entonces, ha celebrado treinta congresos de investigación sobre el\nhumor, gran parte de ellos en Estados Unidos, pero también en otros lugares, como\nÉtica del humor y diversidad cultural\nActuAlidAd de lAs éticAs AplicAdAs , cinco Años después . especiAl número 15217DILEMATA , año 6 (2014), nº 15, 215-231\nISSN 1989-7022Reino Unido, Irlanda, Noruega, Italia, Francia, Dinamarca, Luxemburgo, España,\nIsrael, Canadá, Japón, Australia y Hong Kong.\nLa International Society for Humor Studies es una organización académica y\nprofesional dedicada al desarrollo de la investigación sobre el humor. Muchos de\nlos miembros de la sociedad son profesores universitarios en el ámbito de las\nhumanidades, ciencias sociales y ciencias de la salud. La sociedad también incluye\na profesionales en los campos de la asesoría, gestión de empresas, enfermería,\nperiodismo y teatro. Sus miembros están interesados en las múltiples facetas del\nhumor, incluyendo su papel en los negocios, entretenimiento, y cuidado de la salud.\nTambién estudian las variedades del humor de acuerdo a la cultura, la edad, el\ngénero, el propósito y el contexto.\nEsta sociedad publica la revista cuatrimestral Humor: International Journal of Humor\nResearch , que se ha convertido en un foro interdisciplinario para la publicación de\nartículos de alta calidad sobre el humor como una facultad humana importante y\nuniversal. Desde su creación en 1988, Humor ha publicado más de 400 artículos y\nrecensiones de libros, y hoy tiene un alto impacto científico internacional. La actual\neditora jefe es Giselinde Kuipers, Profesora de Sociología Cultural en la Universidad\nde Ámsterdam, Holanda, y los llamados “editores en general” son Salvatore Attardo,\nperteneciente al Departamento de Literatura e Idiomas de la Universidad de Texas\nA &M, y Victor Raskin, del Departamento de Lingüística de la Universidad Purdue.\nVinculada también a la ISHS, ha surgido una colección de libros titulada “Humor\nResearch Series”, en la editorial Mouton de Gruyter, coordinada por Victor Raskin y\nWillibald Ruch. Desde el año 1994 se han publicado nueve libros en esta colección,\nde los siguientes autores: Salvatore Attardo (1994, 2001), Emil A. Draitser (1994),\nWillibald Ruch (1998), Davis Christie (1998), Robert L. Latta (1999), Giselinde\nKuipers (2006) e Isabel Erminda (2008).\nLa propia asociación presenta en su página web una selección de veinticuatro libros\ncon estudios recientes sobre el humor escritos o editados por miembros de ISHS.\nEstos libros representan trabajos relevantes en las áreas de psicología, lingüística,\nsociología, análisis literario, desarrollo de los niños y psicoterapia. Todos esos libros\nson, por supuesto, muy interesantes para tomar la información que nos transmiten\ny revisarla éticamente, pero considero que, de ellos, son básicamente dos, los libros\nActuAlidAd de lAs éticAs AplicAdAs , cinco Años después . especiAl número 15\nDILEMATA , año 6 (2014), nº 15, 215-231\nISSN 1989-7022\n218\nJuan Carlos siuranaque se aproximan en algún momento, expresamente, al fenómeno del humor con\nperspectiva ética, me refiero al libro editado por Sharon Lockyer y Michael Pickering,\ntitulado Beyond a Joke. The Limits of Humour (2005), y el libro mencionado arriba\nde John Morreall (2009) (el de Buckley no se incluye en ese listado). Pero, como\ndigo, todos aportan ideas útiles para una ética del humor. Así, el libro de Rod A.\nMartin, titulado The Psychology of Humor (2008), que aparece en dicho listado,\nes de lectura ineludible para quien quiera estudiar el fenómeno del humor, por la\ningente cantidad de bibliografía científica que maneja.\nEn su página web, esta asociación ofrece la posibilidad a sus socios de obtener\nlistados bibliográficos sobre el humor. Un modo de agrupar dichos listados es desde\nel punto de vista de la disciplina que lo analiza. Las disciplinas contempladas son las\nsiguientes: antropología, estudios étnicos, idiomas extranjeros, estudios de género,\nlingüística, psicología, religión, música y danza, ciencia, sociología, teatro, y teoría.\nMe resulta digno de mención que la ética no se encuentre entre las disciplinas posibles\nseleccionadas desde las cuales afrontar el tema del humor. En esta clasificación de\ndisciplinas interesadas en el humor, la cuestión ética parece quedar subsumida bajo\nlos estudios más generales sobre teoría del humor , es decir, en estudios que tratan\nde definir qué es y cuál es la causa del humor -donde solo en algunos casos se\nextraen sus implicaciones éticas-, o bajo categorías psicológicas. Pero cada una de\nsus categorías podrían analizarse, a su vez, éticamente, y de manera específica la\ncategoría que ellos llaman “estudios étnicos”, sobre la que quiero ofrecer algunas\nideas en este artículo en perspectiva ética.\nOtras asociaciones académicas que investigan sobre el humor o en campos afines\nson las siguientes:\nAmerican Humor Studies Association (Asociación Americana para Estudios sobre el\nHumor) (AHSA, 2011): Fundada en 1975. Asociación dedicada al estudio del humor\nestadounidense en todos sus variados aspectos, incluyendo la literatura, las revistas\nde cómics populares, y otros medios de comunicación. Organiza un Congreso cada\ncuatro años. Edita la revista científica Studies in American Humor .\nAssociation for the Study of Play (Asociación para el Estudio del Juego) (TASP,\n2011): Originada en Minneapolis, Minnesota, en 1973, su actual nombre se acuñó\nen 1987. Es una asociación multidisciplinaria dedicada a promover el estudio\nÉtica del humor y diversidad cultural\nActuAlidAd de lAs éticAs AplicAdAs , cinco Años después . especiAl número 15219DILEMATA , año 6 (2014), nº 15, 215-231\nISSN 1989-7022del juego. Organiza un congreso académico anual. Actualmente edita la revista\ncientífica Play & Culture Studies .\nAssociation pour le développement des recherches sur le Comique, le Rire et\nl’Humour (Asociación para el desarrollo de investigaciones sobre lo Cómico, la Risa\ny el Humor) (CORHUM, 2011): Asociación radicada en Francia, fundada en 1987,\nse dedica al desarrollo de la investigación sobre lo cómico, la risa y el humor en\ntodos sus aspectos: literarios, lingüísticos, históricos, sociológicos, antropológicos,\npsicológicos y gráficos. Desde 1988 CORHUM ha organizado ocho coloquios\ninternacionales. Esta asociación publica la revista científica semestral Humoresques .\nInternational Society for Luso-Hispanic Humor Studies (Sociedad Internacional\npara el Estudio del Humor Luso-Hispánico) (ISLH/HS, 2011): Sociedad académica\ndedicada al estudio y la apreciación del humor en los lugares en donde se habla\nespañol y portugués. Desde 1995 ha celebrado once Congresos, los cinco primeros\nen Estados Unidos y Canadá, posteriormente han sido sedes algunos países de\nAmérica Latina, como México, Costa Rica y Chile.\nEntre las asociaciones de profesionales podemos destacar la Association for Applied\nand Therapeutic Humor (Asociación para el Humor Aplicado y Terapéutico) (AATH,\n2011): Fundada en 1987, es una organización internacional de profesionales que\navanza en la comprensión y en la aplicación del humor y la risa por sus positivos\nbeneficios. AATH ofrece información basada en la evidencia sobre la investigación\nactual y las aplicaciones prácticas del humor. Ha celebrado nueve congresos anuales\ndesde 2003. Publica la revista electrónica mensual Humor Connection .\nTambién se han creado redes de investigación sobre el humor. Una de las más relevantes\nes la Australasian Humor Studies Network (Red de Australasia para los Estudios sobre\nel Humor) (AHSN, 2011): El propósito de esta red es consolidar el interés en el campo\nemergente de los estudios sobre el humor y establecer un vínculo entre los académicos y\nlos profesionales en diferentes departamentos académicos, instituciones y localizaciones\ngeográficas. Se creó en 1997, como consecuencia del éxito del 15º Congreso sobre el\nHumor y la Risa de la ISHS celebrado en la Universidad de Nueva Gales del Sur, en\nSydney. En la actualidad la integran más de 200 miembros pertenecientes a más de 25\náreas académicas y profesiones diferentes de Australia, Nueva Zelanda y otros países\n(la coordinadora es Jessica Milner Davis, Universidad de Sydney).\nActuAlidAd de lAs éticAs AplicAdAs , cinco Años después . especiAl número 15\nDILEMATA , año 6 (2014), nº 15, 215-231\nISSN 1989-7022\n220\nJuan Carlos siuranaTambién es destacable el Institute for Travesty, Comedy, and Humor Studies\n(Instituto para los Estudios sobre la Parodia, la Comedia y el Humor) (ITCHS, 2011):\nSituado en Winona, Minnesota, se estableció para la promoción de la investigación y\nel estudio sobre la comedia, entendida como forma dramática, y sobre el humor, la\nchispa de la comedia. ITCHS utiliza una variedad de metodologías de investigación\nde múltiples disciplinas, principalmente el criticismo literario, la retórica y las ciencias\nempíricas. ITCHS edita, desde 1994, la Humor Quotient Newsletter y ha diseñado y\nadministra el Humor Quotient Test y el Langerian/Bergsonian Vitalist Humor Test .\n3. Los estudios sobre el humor en España\nEl libro de Begoña Carbelo titulado El humor en la relación con el paciente nos\npresenta, al final, cuál es la situación en España en lo que atañe a los estudios\nsobre el humor (Carbelo, 2008, pp. 203-208). En el siguiente apartado, partiré de\nlos principales datos que nos ofrece esta autora, complementándolos con algunas\nactualizaciones.\nEn España se constata un aumento progresivo de investigaciones y actividades\ndocentes con protagonistas de todos los ámbitos sobre el sentido del humor.\nDentro del marco de la X Muestra Internacional de Humor Gráfico se celebraron\nen la Universidad de Alcalá las Jornadas Interuniversitarias de Investigadores del\nHumor . Como fruto de ella surgió, en 2004, HUMOR AULA, red de universidades\ne investigadores del humor y autores de Humor Gráfico (HUMOR AULA, 2014). El\ncompromiso de HUMOR AULA es estudiar el humor desde distintas perspectivas y\ndisciplinas: educación, comunicación, cultura, publicidad, bellas artes, ciencias de la\nsalud, terapia y el papel que juega el Humor Gráfico en estos campos para contribuir al\ndesarrollo humano y la convivencia. Las universidades españolas participantes ponen\na disposición sus investigaciones, docencia, información y experiencias para trabajar\nen el desarrollo del humor y hacer a otros partícipes de sus planes y proyectos (cursos,\nexposiciones, premios, seminarios, talleres, jornadas...).\nEntre los autores más destacados en España sobre el estudio del humor se encuentran\nlos siguientes: Ángel Rodríguez Idígoras , editor del libro El valor terapéutico del\nÉtica del humor y diversidad cultural\nActuAlidAd de lAs éticAs AplicAdAs , cinco Años después . especiAl número 15221DILEMATA , año 6 (2014), nº 15, 215-231\nISSN 1989-7022humor (2002); Ana María Vigara Tauste, autora de El chiste y la comunicación lúdica\n(1994); Begoña García Larrauri (2006, 2010) e Inés Monjas, quienes trabajan sobre\nel humor y la inteligencia emocional; Carmen Valero Garcés (2004, 2010), quien\norganiza unas jornadas de “Humor, traducción e inmigración”; Pilar Lacasa, que lo\nanaliza desde la psicopedagogía; Begoña Carbelo (2008), enfermera que coordina\nuna línea de investigación sobre el “Humor, Salud y Calidad de Vida”; Germán Payo\nLosa (1995), quien nos propone educar desde el humor y ha publicado varios libros\nsobre estos temas (García Castillo y Payo Losa, 1997); así como Eduardo Jaúregui\ny Jesús Dami án Fernández Solís, autores del libro Alta diversión: los beneficios del\nhumor en el trabajo (2008), quienes han creado una consultoría para empresas\nllamada “Humor positivo”. De los dos últimos autores mencionados, destacaré que\nJesús Damián Fernández Solís ha publicado libros sobre el papel del humor en\nla educación (Fernández Solís y Francia, 1995; Francia y Fernández Solís, 2009;\nGarcía Cerrada y Fernández Solís, 2010) y que Eduardo Jáuregui Narváez en su\ntesis doctoral desarrolló una teoría sobre la causa de la risa y los significados y usos\ndel humor que se desprenden de ella (Jáuregui, 1998), y es autor de varios libros\nsobre el humor (Jáuregui, 2007a y 2007b).\nVemos, pues, que, tanto a nivel nacional como internacional, existe un aparato\nasociativo, de congresos, revistas científicas, colecciones de libros, programas\ndocentes universitarios, usos terapéuticos en el ámbito sanitario y hasta consultorías\npara empresas, donde el fenómeno del humor es estudiado desde diversas\nperspectivas, pero considero que es poco lo que se dice sobre la ética del humor.\nA esa tarea estoy dedicando mi investigación en los últimos años (Siurana, 2012a,\n2012b, 2012c, 2013a, 2013b).\n4. La definición de humor y otros conceptos relacionados\nPara elaborar una ética del humor, lo primero es ofrecer una definición clara del\nhumor. En mis trabajos estoy mostrando la complejidad y riqueza del concepto, pero,\na la vez, voy tomando partido por una visión que permite trabajar con este fenómeno\ncon buenos resultados. Es importante no confundir el humor con la emoción que\nsuscita ni con la mera expresión de dicha emoción mediante la risa o la sonrisa. Mi\ndefinición del humor y de otros conceptos relacionados, trata de acotar las diferencias\nActuAlidAd de lAs éticAs AplicAdAs , cinco Años después . especiAl número 15\nDILEMATA , año 6 (2014), nº 15, 215-231\nISSN 1989-7022\n222\nJuan Carlos siuranaexistentes entre ellos, del siguiente modo (para la elaboración de estas definiciones\ntomo como referencia muy directamente las propuestas de Rod A. Martin (2008)):\n1.- Humor : Capacidad para percibir algo como gracioso, lo cual activa la emoción de\nla hilaridad, que se expresa a través de la sonrisa o la risa.\n2.- Hilaridad : Emoción placentera relacionada con la alegría que se expresa mediante\nla sonrisa o la risa, provocada principalmente por algo gracioso que el humor es capaz\nde percibir, aunque puede estar provocada por otras causas, como las cosquillas.\n3.- Sonrisa : Expresión física de hilaridad de intensidad baja (se arquean los labios).\n4.- Risa: Expresión física de hilaridad de intensidad alta (carcajadas moderadas) o\nde intensidad muy alta (carcajadas estrepitosas).\n5.- Gracia o comicidad : Cualidad de los seres vivos y cosas que, al ser captada, provoca\nla emoción de la hilaridad. A lo que posee esta cualidad se le llama gracioso o cómico.\n5. La educación ética influye en la percepción de lo gracioso\nEl umbral para percibir algo como gracioso y experimentar la hilaridad puede variar\nde un individuo a otros por su sentido del humor propio general, pero cabe aclarar\nque puede variar también en un mismo individuo dependiendo de:\n1.- Contexto social.\n2.- Estado de ánimo actual.\n3.- Estado de salud.\n4.- Grado de cansancio.\n5.- Ingestión de alcohol o drogas psicoactivas.\nY una de las tesis que yo defiendo consiste en afirmar que, junto a esas variables,\nhay que añadir también que nuestro umbral para percibir algo como gracioso variará\nde modo fundamental dependiendo de nuestra educación ética. La ética del humor\ntrata de formar en el buen humor, es decir, en el humor ético, para aprender a reír\nen el momento oportuno, en el grado correcto y por los motivos justificados.\nÉtica del humor y diversidad cultural\nActuAlidAd de lAs éticAs AplicAdAs , cinco Años después . especiAl número 15223DILEMATA , año 6 (2014), nº 15, 215-231\nISSN 1989-70226. Teorías sobre el humor\nLos estudiosos sobre la filosofía del humor coinciden en afirmar que, a lo largo de la\nhistoria de la filosofía, se han producido, al menos, tres importantes teorías sobre\nel humor:\n1.- Teoría de la superioridad . Es la más antigua de todas. Para esta teoría juzgamos\ncómica una situación cuando vemos que el otro fracasa mientras pensamos que\nnosotros superaríamos dicha situación con más probabilidades. Nos reímos de los\ndefectos de los otros. En ese sentido, la risa expresa un sentimiento de superioridad.\nEntre sus principales representantes estarían Platón y Thomas Hobbes.\n2.- Teoría de la incongruencia . Para esta teoría reímos cuando lo que sucede sufre\nun cambio inesperado e incongruente, que nos sorprende de manera repentina. El\nhumor aquí significa distorsión de la función, salir de la norma. La habrían defendido\nautores como Immanuel Kant y Soren Kierkegaard.\n3.- Teoría de la liberación de la tensión . Esta teoría entiende que el ser humano\nactúa sometido al esfuerzo, la lucha y la tensión, y esto excita el sistema nervioso.\nLa risa proporciona un alivio para la tensión nerviosa o psíquica, asegurando un\nrestablecimiento del equilibrio. Esta teoría ha sido propuesta, de modo destacado,\npor Sigmund Freud.\nExisten otras teorías en las que no voy a entrar por motivos de espacio en un artículo\nintroductorio como éste, pero sí señalaré que estas teorías sobre las causas del\nhumor están siendo actualmente muy relevantes para definir lo que actualmente se\nentiende por “ética del humor”, pues, por ejemplo, de los autores arriba mencionados\nque nos hablan sobre la “ética del humor”, Buckley se sitúa en el marco de la teoría\nde la superioridad y Morreall en la teor ía de la incongruencia. Lo cual impregna, de\nun modo importante, su propuesta ética.\nNo puedo entrar aquí a presentar las propuestas éticas de esos y otros autores.\nMe limitaré a señalar aquí la distinción general que hace Morreall sobre la ética\nnegativa y la ética positiva del humor que podemos encontrar en los trabajos\nsobre este tema.\nActuAlidAd de lAs éticAs AplicAdAs , cinco Años después . especiAl número 15\nDILEMATA , año 6 (2014), nº 15, 215-231\nISSN 1989-7022\n224\nJuan Carlos siurana7. La ética negativa y la ética positiva del humor\nEntre los temas más estudiados que afectan a la ética del humor se encuentran los\nchistes racistas o sexistas. Para Morreall, aunque la consideración de ese tipo de\nchistes es claramente importante, no deja de ser una pequeña parte de lo que se ha\nescrito sobre la ética del humor en las últimas décadas. En su libro distingue entre\ndos tipos de ética del humor: la negativa y la positiva.\n1.- La ética negativa del humor .\nUn planteamiento ha consistido en lanzar objeciones al humor diciendo que tiene\nmalos efectos en las personas. Así, se dice que el humor es insincero, perezoso,\nirresponsable, hedonista, que disminuye el autocontrol, que es hostil, que fomenta\nla anarquía, o que es, simplemente, propio de personas tontas, poco inteligentes.\nAsí pues, practicar el humor sería una expresión de la falta de ética.\nJohn Morreall entiende que hay formas moralmente cuestionables del humor, y que\nesas formas hay que rechazarlas, pero hay muchas formas de humor que no son\ncuestionables (Morreall, 2009, p. 98). Eso nos lleva a la consideración del humor\ndesde la perspectiva ética en un sentido positivo.\n2.- La ética positiva del humor .\nEste planteamiento muestra que el humor promueve tanto las virtudes intelectuales\n(apertura de mente, creatividad, pensamiento crítico) como las morales (honestidad,\nintegridad, humildad). En este sentido, practicar el humor nos llevaría a elevar\nnuestra altura moral.\nUna camino que es necesario abrir en la actualidad, es el de aplicar los avances\nen los estudios de la ética del humor a las diversas esferas de la ética aplicada. A\ncontinuación mostraré un modo de abordar éticamente este tema partiendo del libro\neditado por Pickering y Lockyer, donde se habla de establecer límites al humor.\n8. Los límites del humor\nHace unos años, en todos los principales periódicos de la Europa Occidental se\nhizo referencia a un comentario ofensivo de Silvio Berlusconi, cuando comenzó\nÉtica del humor y diversidad cultural\nActuAlidAd de lAs éticAs AplicAdAs , cinco Años después . especiAl número 15225DILEMATA , año 6 (2014), nº 15, 215-231\nISSN 1989-7022su período como presidente del Parlamento Europeo en Estrasburgo. Se refirió al\npolítico alemán Martin Schulz diciendo que debería formar parte como guardia, en\nuna película sobre los campos de concentración nazis. La mayoría de los presentes\nestaban consternados, pero Berlusconi rió sonoramente después de lanzar su insulto.\nCuando conoció los comentarios negativos de la prensa sobre sus palabras, se\njustificó diciendo que su comentario había sido simplemente un chiste y nada más.\nComo dicen Pickering y Lockyer, esta justificación se basaba en “la noción banal de\nque un chiste es sui generis y que no debe registrarse dentro del mismo esquema de\nentenderlo como un discurso serio” (Lockyer y Pickering, 2009, p. 1). Pero nuestros\nautores piensan que hay límites éticos a lo que podemos decir con un chiste. Éste,\nen concreto, era seriamente ofensivo. La línea se había sobrepasado.\nPickering y Lockyer, en el libro que editan conjuntamente titulado Beyond a\nJoke. The Limits of Humour (Más allá de un chiste. Los límites del humor ), tratan\nde responder a preguntas como las siguientes: ¿Cómo medimos los valores\nestéticos del humor frente a la ética de evitar daño? Puede que haya casos\nen los que el humor debería ser cruel, incluso brutal, y diseñado para ofender\no dañar a sus objetivos, pero ¿son casos excepcionales y justificables solo en\ncircunstancias excepcionales? Si no es así, ¿podemos trazar una línea clara entre\nlos ataques cómicos hacia los que tienen un enorme poder y hacia los que son\nrelativamente débiles y sin defensa? ¿Y dónde termina la ridiculización satírica\ny comienza la burla de acoso? ¿Hay una distinción entre cuestionar y romper\nlas convenciones sociales? ¿o entre el humor que desafía los tabús y el humor\ny el que tiene como objetivo ser gravemente ofensivo? ¿Quién tiene que definir\nqué es aceptable y qué no, si todos tenemos un mismo derecho a reír de lo que\nqueramos? ¿Puede haber solo estándares relativos del humor en una sociedad\ncada vez más fragmentada, con grupos y comunidades diferentes con normas,\nprincipios y estándares bastante diferentes? ¿Cómo establecer un límite ético al\nhumor sin que se considere “censura”?\nDetectan un “conflicto entre los preocupados por proteger la libertad de expresión\ny los preocupados por proteger a grupos minoritarios, oprimidos o previamente\nperseguidos, de la expresión pública de intolerancia, encubrimiento, estereotipaje\nabusivo, discriminación y odio” (Lockyer y Pickering, 2009, p. 18).\nActuAlidAd de lAs éticAs AplicAdAs , cinco Años después . especiAl número 15\nDILEMATA , año 6 (2014), nº 15, 215-231\nISSN 1989-7022\n226\nJuan Carlos siuranaCuando un musulmán o un judío se ofende por un chiste racista contado por un\ncristiano blanco, eso no significa que no tengan sentido del humor, o que no puedan\nreír de sí mismos y de su propia cultura. Así, por ejemplo, muchos chistes sobre\njudíos los describen como deseosos de dinero, y Woody Allen, en una ocasión, hizo\nel siguiente chiste:\n“¡Ojalá Dios me diera simplemente una señal clara de su existencia! Como, por ejemplo,\nhaciendo un amplio depósito a mi nombre en un banco suizo”.\nEl humor de esta frase radica en el contraste entre la ferviente aspiración espiritual\ny la desenfrenada avaricia material, de alguien que, por otro lado, es judío y sabe\nque muchos chistes resaltan eso de los judíos.\nCuando uno hace bromas sobre su propia religión no parece ofensivo, pero cuando\nalguien se burla de la religión de otro, entonces sí que aumenta la probabilidad de\nque se entienda como una ofensa.\nEsto nos lleva a pensar sobre un interesante tema relacionado con la ética del\nhumor y con el que quisiera cerrar este artículo: la diversidad cultural. Para ello,\ntomaré como referencia, sobre todo, los trabajos de Simon Critchley.\n9. Humor y diversidad cultural: El humor es universal pero arraigado en lo\nlocal\n9.1. El humor nos permite criticar nuestras costumbres como si las\nviéramos desde fuera\nEl humor es una constante antropológica, universal y común a todas las culturas,\npues no se ha descubierto ninguna sociedad sin humor.\nEs una de las condiciones para adoptar una posición crítica respecto a lo que se\nconsidera vida cotidiana. Es una forma de antropología social crítica, que desmitologiza\nlo exótico e invierte la noción del sentido común que tenemos en nuestra sociedad.\nEl humor es una práctica que nos da una perspectiva extraña de nuestras prácticas.\nNos deja ver el mundo como si hubiéramos llegado de otro planeta. El cómico es el\nantropólogo de nuestras monótonas vidas cotidianas.\nÉtica del humor y diversidad cultural\nActuAlidAd de lAs éticAs AplicAdAs , cinco Años después . especiAl número 15227DILEMATA , año 6 (2014), nº 15, 215-231\nISSN 1989-70229.2. El humor es universal, aunque en cada cultura puede haber códigos\ndiferentes sobre lo que se ríe\nLa mayoría de los estudios sobre el humor, los chistes y lo cómico entienden que el\nhumor es universal. Al parecer nunca ha habido culturas sin risa, aunque la variedad\ny la intensidad del humor difieran dramáticamente.\nPero el humor utiliza normalmente un lenguaje que es local y el sentido del humor\nsuele tener un contexto bastante específico. Por eso el humor es terriblemente\ndifícil de traducir. Salvo las comedias mudas, como las de Chaplin o Mr. Bean, el\nhumor verbal es difícil de traducir. Y un chiste explicado es un chiste estropeado.\nCritchley escribe: “El humor es una forma de conocimiento cultural del miembro de\nun grupo y, de hecho, podríamos decir que es eficaz como mecanismo de defensa\nlingüística” (Critchley, 2010, p. 92). Tener un sentido común del humor es como\ncompartir un código secreto.\nAl escuchar un chiste presupongo un mundo social compartido, con cuyas formas la\npráctica del chiste se dispone a jugar. Por eso, en ocasiones, se fracasa al intentar\ncontar un chiste en una lengua extranjera. Wittgenstein lo señala así: “¿Qué supone\npara las personas no tener el mismo sentido del humor? No reaccionan debidamente\nentre sí” (Wittgenstein, 1980, p. 83).\nEl humor nos devuelve a la condición física y la animalidad, también nos devuelve a la\nlocalidad, a un ethos específico y circunscrito. Nos devuelve al lugar del que venimos,\nya sea un vecindario concreto o la abstracción de un Estado-nación. El sentido del\nhumor es a menudo lo que nos une de la manera más fuerte a un lugar específico.\n9.3. Desde nuestra cultura en ocasiones utilizamos el humor como\nsuperioridad para criticar a los miembros de otras culturas\nEl ethos del lugar se expresa, a menudo, al reírnos de quienes no son como nosotros.\nEn Inglaterra a los irlandeses suele describírseles como estúpidos y a los escoceses\ncomo sagaces. Los franceses se ríen de los belgas, los belgas de los holandeses y\néstos les devuelven la risa.\nEl “humor étnico” es la risa de superioridad criticada por Hobbes o la gloria repentina\npor nuestra eminencia ante la estupidez ajena.\nActuAlidAd de lAs éticAs AplicAdAs , cinco Años después . especiAl número 15\nDILEMATA , año 6 (2014), nº 15, 215-231\nISSN 1989-7022\n228\nJuan Carlos siurana9.4. El uso ético del humor, arraigado en lo local, consiste en utilizarlo\ncomo crítica de nosotros mismos y de nuestro propio pueblo\nEl humor es lo que nos devuelve a lo local, a un ethos específico que con frecuencia\nse identifica con un pueblo en particular que posee una serie de costumbres y\ncaracterísticas compartidas. En opinión de Critchley no deberíamos esquivar la\nnaturaleza relativista del humor, pero no para concluir que, por lo tanto, “todo vale”,\nsino para utilizarlo como una herramienta pegada a nuestra realidad contextual,\ncapaz de lanzar las críticas oportunas a nuestras costumbres cotidianas. Así es\ncomo parece entender la función del humor cuando nos pide que tengamos el valor\nde asumir “nuestro provincianismo”.\nCuando reímos de nuestro propio pueblo, entonces el humor no se está mostrando\ncomo superioridad, no es “humor étnico”. El humor nos dice entonces algo de lo que\nsomos, y puede ser también un recordatorio de que tal vez no seamos la persona o\nel pueblo que nos gustaría ser.\nConclusiones\nAunque son muchos los autores, centros y asociaciones que trabajan sobre el\nhumor, es escasa la bibliografía que lo analiza éticamente. Es importante analizar\nla dimensión ética de este fenómeno tan cotidiano y, a la vez, tan influyente en\nnuestras vidas.\nEntiendo el humor como la capacidad para percibir algo como gracioso, lo cual\nactiva la emoción de la hilaridad, que se expresa a través de la sonrisa o la risa. El\numbral para percibir algo como gracioso y experimentar la hilaridad puede variar de\nun individuo a otros, o en un mismo individuo, por diversos factores, y uno de ellos\nes por su educación ética. La ética del humor trata de formar en el buen humor, es\ndecir, en el humor ético, para aprender a reír en el momento oportuno, en el grado\ncorrecto y por los motivos justificados.\nAlgunos autores han lanzado objeciones al humor diciendo que tiene malos efectos\nen las personas, pero otros consideran que promueve tanto virtudes intelectuales\ncomo morales. Una ética del humor debe poder detectar cuándo el humor tiene un\nefecto positivo y cuándo negativo, y fomentar sus efectos positivos.\nÉtica del humor y diversidad cultural\nActuAlidAd de lAs éticAs AplicAdAs , cinco Años después . especiAl número 15229DILEMATA , año 6 (2014), nº 15, 215-231\nISSN 1989-7022El humor tiene límites éticos que es importante precisar. No podemos escudarnos\nen la expresión “era una broma” para albergar comentarios despectivos o hirientes.\nAquí, se mostrará el conflicto entre los preocupados por proteger la libertad de\nexpresión y los preocupados por proteger a aquellos que puedan ser víctimas de\ncomentarios ofensivos.\nEl humor existe en todas las culturas. A menudo se utiliza para mostrar superioridad de\nunas frente a otras, pero la ética del humor nos dice que puede contribuir a desarrollar\nuna visión crítica de la propia cultura, tarea que debe explorarse y fomentarse.\nBibliografía\nAATH (2011): Página web de la Association for Applied and Therapeutic Humor , http://www.aath.\norg, consultada el 31 de agosto de 2011.\nAHSA (2011): Página web de la American Humor Studies Association , http://www.slu.edu/academic/\nahsa/index.htm , consultada el 31 de agosto de 2011.\nAHSN (2011): Página web de la Australasian Humor Studies Network , http://sydney.edu.au/\nhumourstudies/ , consultada el 31 de agosto de 2011.\nAristóteles (2002): Ética a Nicómaco , Madrid, Centro de Estudios Constitucionales.\nAttardo, Salvatore (1994): Linguistic Theories of Humor , Nueva York, Mouton de Gruyter.\nAttardo, Salvatore (2001): Humorous Texts. A Semantic and Pragmatic Analysis , Nueva York, Mouton\nde Gruyter.\nBergson, Henri (2008): La risa. Ensayo sobre la significación de lo cómico , Madrid, Alianza.\nBuckley, F. H. (2005): The Morality of Laughter , Ann Arbor, The University of Michigan Press. Publicado\npor primera vez en 2003.\nCarbelo, Begoña (2008): El humor en la relación con el paciente: Una guía para profesionales de la\nsalud , Barcelona, Masson.\nChristie, Davis (1998): Jokes and their Relations to Society , Nueva York, Mouton de Gruyter.\nCORHUM (2011): Página web de la Association pour le développement des recherches sur le Comique,\nle Rire et l’Humour , http://www.humoresques.fr/ , consultada el 31 de agosto de 2011.\nCritchley, Simon (2010): Sobre el humor , Torrelavega-Cantabria, Quálea.\nDraitser, Emil A. (1994): Techniques of Satire , Nueva York, Mouton de Gruyter.\nErminda, Isabel (2008): The Language of Comic Narratives , Nueva York, Mouton de Gruyter.\nFernández Solís, Jesús Damián y Alfonso Francia (1995): Animar con humor. Aprender riendo, gozar\neducando , Madrid, CCS.\nFrancia, Alfonso y Jesús Damián Fernández Solís (2009): Educar con humor , Málaga, Aljibe.\nActuAlidAd de lAs éticAs AplicAdAs , cinco Años después . especiAl número 15\nDILEMATA , año 6 (2014), nº 15, 215-231\nISSN 1989-7022\n230\nJuan Carlos siuranaFreud, Sigmund (1992): “El humor”, en Obras completas. Volumen 21 (1927-31). El porvenir de una\nilusión, El malestar en la cultura y otras obras , Buenos Aires, Amorrortu, pp. 153-162. Publicación\noriginal en 1927.\nFreud, Sigmund (2012): El chiste y su relación con lo inconsciente , Madrid, Alianza. Publicación\noriginal en 1905.\nGarcía Cerrada, Manuel y Jesús Damián Fernández Solís (2010): El valor pedagógico del humor en\nla educación social , Bilbao, Desclée de Brouwer.\nGarcía Castillo, P. y Payo Losa, Germán (eds.) (1997): Visiones de Humor. I Simposio de humor:\nPerspectivas multidisciplinares , Salamanca, Caja Salamanca-Soria.\nGarcía Larrauri, Begoña (2006): Programa para mejorar el sentido del humor . ¡Por qué la vida con\nbuen humor merece la pena !. Madrid, Pirámide.\nGarcía Larrauri, Begoña (2010): Claves para aprender en un ambiente positivo y divertido. Todo\nrueda mejor si se engrasa con humor , Madrid, Pirámide.\nHöffding, Harald (2007): Humor als Lebensgefühl (Der grosse Humor). Eine psychologische Studie ,\nSaarbrücken, Dr. Müller e. K. und Lizenzgeber.\nHUMOR AULA (2014): Página web de HUMOR AULA , http://www2.uah.es/humor_salud/humoraula.\nhtm, consultada el 6 de marzo de 2014.\nISHS (2014): Página web de la International Society for Humor Studies , http://www.hnu.edu/ishs ,\nconsultada el 2 de marzo de 2014.\nISLH/HS (2011): Página web de la International Society for Luso-Hispanic Humor Studies , http://\nilhhumorsoc.org/ , consultada el 31 de agosto de 2011.\nITCHS (2011): Página web del Institute for Travesty, Comedy, and Humor Studies , http://www.\nitchs.org/index.html , consultada el 31 de agosto de 2011.\nJáuregui, Eduardo (1998): Situating Laughter. Amusement, Laughter and Humor in Everyday Life .\n(Tesis Doctoral), European University Institute.\nJáuregui, Eduardo (2007a): El sentido del humor. Manual de instrucciones , Barcelona, RBA.\nJáuregui, Eduardo (2007b): Amor y humor. Las claves científicas de las risas contagiosas, las\ncomedias románticas, el sexo divertido y las locuras de amor , Barcelona, RBA.\nJáuregui, Eduardo y Jesús Damián Fernández (2008): Alta diversión. Los beneficios del humor en el\ntrabajo , Barcelona, Alienta.\nKant, Immanuel (2011): Crítica del juicio , Madrid, Tecnos.\nKierkegaard, SØren (2010): Post scriptum no científico y definitivo a “migajas filosóficas” , Salamanca,\nSígueme.\nKuipers, Giselinde (2006): Good Humor, Bad Taste , Nueva York, Mouton de Gruyter.\nLatta, Robert L. (1999): The Basic Humor Process. A Cognitive-Shift Theory and the Case against\nIncongruity , Nueva York, Mouton de Gruyter.\nLipps, Theodor (2013): Komik und Humor. Eine Psychologische-Ästhetische Untersuchung , Hamburgo,\nTredition. Publicación original en 1898.\nLockyer, Sharon y Michael Pickering (eds.) (2005): Beyond a Joke. The Limits of Humour , Nueva\nYork, Palgrave McMillian.\nMartin, R.A. (2008), La psicología del humor. Un enfoque integrador , Madrid, Orión. Trad. del original\nen The Psychology of Humor: An Integrative Approach, Amsterdam, Elsevier, 2007.\nÉtica del humor y diversidad cultural\nActuAlidAd de lAs éticAs AplicAdAs , cinco Años después . especiAl número 15231DILEMATA , año 6 (2014), nº 15, 215-231\nISSN 1989-7022Morreall, John (2009): Comic Relief. A comprehensive Philosophy of Humor , Malden-MA, Wiley-\nBlackwell.\nNietzsche, Friedrich (1985): Así habló Zaratustra , Madrid, Alianza.\nPayo Losa, Germán (1995): Creatividad y humor , Santiago de Compostela, Universidad Santiago de\nCompostela.\nPirandello, Luigi (2007): L’Umorismo. Essenza, caratteri e materia dell’umorismo. El humorismo.\nEsencia, carácter y materia del humorismo (1908) , edición bilingüe, San Lorenzo de El Escorial,\nLangre. En esta edición bilingüe italiano-castellana, se reproduce la segunda parte de dicho\nensayo.\nRodríguez Idígoras, Ángel (ed.) (2002): El valor terapéutico del humor , Bilbao, Desclée De Brouwer.\nRuch, Willibald (ed.) (1998): The Sense of Humor , Nueva York, Mouton de Gruyter.\nShaftesbury, Anthony Ashley Cooper, tercer conde de (1995): Sensus communis. Ensayo sobre la\nlibertad de ingenio y humor , Valencia, Pre-textos. Obra publicada originalmente en 1711.\nSiurana, Juan Carlos (2012a): “Filosofía del humor: estado de la cuestión”, Diálogo Filosófico , 82\n(enero/abril), pp. 4-33.\nSiurana, Juan Carlos (2012b): “Fundamentos para una ética del humor”, en E. Casaban Moya (ed.),\nXIX Congrés Valencià de Filosofia , Valencia, Societat de Filosofia del País Valencià, pp. 473-484.\nSiurana, Juan Carlos (2012c): “Ética del humor en el ámbito empresarial para tiempos de crisis\neconómica”, en R. Ballester y otros (coords.), Actas del XX Congreso EBEN-España. “La imagen\nde la empresa en el siglo XXI” , Valencia, Fundación ÉTNOR, pp. 491-530.\nSiurana, Juan Carlos (2013a): “Libertad, justicia y neurociencias en el final de la vida desde la ética\ndel humor”, en F. J. López Frías y otros (eds.), Bioética, Neuroética, Libertad y Justicia , Valencia,\nComares, pp. 845-866.\nSiurana, Juan Carlos (2013b): “Los rasgos de la ética del humor. Una propuesta a partir de autores\ncontemporáneos”, Veritas , 29 (septiembre), pp. 9-13.\nTASP (2011): Página web de la Association for the Study of Play , http://www.tasplay.org/about.\nhtml, consultada el 31 de agosto de 2011.\nTomás de Aquino (2005): Suma de Teología IV, Parte II-II (b) , Madrid, Biblioteca de Autores\nCristianos.\nValero Garcés, Carmen (2004): Interculturalidad. Traducción, humor e inmigración , Alcalá de\nHenares-Madrid, Universidad de Alcalá de Henares-Fundación General.\nValero Garcés, Carmen (2010): Dimensions of humor. Explorations in linguistics, literature, cultural\nstudies and translation , Valencia, Universidad de Valencia-Servicio de Publicaciones.\nVigara Tauste, Ana María (1994): El chiste y la comunicación lúdica , Madrid, Libertarias-Prodhufi.\nWittgenstein, Ludwig (1980): Culture and Value (ed. De G.H. Von Wright), Oxford, Blackwell. Hay\ntrad. cast. de Elsa Cecilia Frost, en Aforismos, cultura y valor , Espasa-Calpe, Madrid, 2007."
}