{
    "id": "51",
    "nombre": "El arte de la guerra II - v1.0 - Sun Bin.epub",
    "fecha_generado": "2025-05-29",
    "Categoria": "El arte de la guerra II - v1.0",
    "texto": "El arte de la guerra II\nSun Bin\nSun Bin, descendiente directo del autor de El arte la guerra y escrito un siglo después, se puede considerar una continuación del mis-mo. Aunque ya se conocían algunos frag-mentos, fue en 1972 cuando se encontró el texto de esta obra. Su autor, Sun Bin, \" el mutilado \", está considerado también como uno de los más importantes estrategas de la antigua China y fue discípulo del mítico sabio taoísta \" El maestro del valle del demonio \", reconocido como el más grande teórico del arte de la estrategia.\n¿Qué debo hacer si soy más fuerte y dis-pongo de más fuerzas que mi enemigo?\nEsta es la pregunta de una persona inteligente. Cuando tus fuerzas son mayores y más poderosas, pero todavía preguntas como emplearlas, esta es la forma de garantizar la seguridad de tu nación. Cambia el mando por una fuerza auxiliar. Desordena las tropas en filas confusas, para que el adversario se confíe y entonces seguramente entrará en bata-lla.\n¿Qué debo hacer cuando el enemigo es más numeroso y más fuerte que yo?\nOrdena que la vanguardia sea replegable, asegurándose de esconder la retaguardia, de forma que la vanguardia pueda retirarse con seguridad. Despliega las armas de largo al-cance en la línea de frente, las armas cortas atrás, con arqueros móviles para apoyar una presión sostenida. Haz que la fuerza principal quede inmóvil y espera a ver qué es lo que el enemigo puede hacer.\n¿Cómo se debe atacar a los que está des-esperados?\nEspera hasta que encuentren un medio de sobrevivir.\n¿Cómo se ataca a fuerzas iguales?\nHay que confundirlas y dividirlas. Concen-tro mis tropas para separar las del enemigo sin que éste se de cuenta de lo que está su-cediendo. Sin embargo si el enemigo no se divide, asientate y no te muevas; no luches cuando no haya duda.\n¿Hay alguna forma de atacar una fuerza diez veces mayor que la mía?\nSí. Ataca cuando no estén preparados, ac-túa cuando menos se lo esperen.\n¿Cómo puedo hacer que mi ejército siga las órdenes de una forma habitual?\nSé digno de confianza de una forma habitual.\n¿Son puntos críticos las recompensas y los castigos para los guerreros?\nNo. Las recompensas con medios de alen-tar las tropas, de hacer que los que luchan no se preocupen por la muerte. Los castigos son medios de corregir el desorden haciendo que las tropas respeten la autoridad. Ambos pueden reforzar la oportunidad de victoria, pero no son los elementos cruciales.\n¿Son puntos críticos para el arte de gue-rrear, la planificación, el impulso, la estrategia y el engaño?\nNo. La planificación es un medio de reunir un gran número de personas. El impulso se utiliza para asegurar que los soldados luchen.\nLa estrategia es un medio de coger despreve-nido al enemigo. El engaño es un medio de frustrar la oposición. Todos estos elementos pueden aumentar las posibilidades de ganar, pero no son los elementos más cruciales.\nEntonces, ¿Qué es lo que es crucial?\nEvaluar la oposición, imaginar las zonas de peligro, garantizar la vigilancia del terreno..., son los principios generales para los jefes.\nGarantizar tu ataque allí donde no haya defensa es lo esencial para el arte de la guerra.\n¿Para que son los soldados rasos?\nLos jefes con conocimientos no esperan el éxito sólo confiando en los soldados rasos.\nUna milicia no debe confiar en una forma-ción fija; esto es lo que ha sido transmitido por los sabios de la antigüedad.\nLa victoria en la guerra es una forma de preservar las naciones que están a punto de perecer y de perpetuar las sociedades que van a morir; el fracaso en la guerra consiste en perder territorio y en vez amenazada la soberanía. Es por esto por lo que debe exa-minarse los asuntos militares. Sin embargo, aquellos que disfrutan del militarismo perecerán; y aquellos que ambicionan la victoria sufrirán la desgracia. La guerra no es algo para disfrutar, la victoria no ha de ser un ob-jeto de ambición.\nActúa sólo cuando estés preparado. Cuando una plaza es pequeña, pero su defensa es firme, eso significa que tiene suministros.\nCuando hay pocos soldados, pero el ejército es fuerte, eso significa que tienen un sentimiento del sentido de la lucha. Nadie en el mundo puede ser firme y fuerte si lucha sin suministros o sin el sentimiento del sentido de la lucha.\nCuando sabes que los soldados son dignos de confianza, no dejes que otros los atraigan para sí. Lucha sólo cuando estés seguro de ganar, sin dejarlo saber a nadie.\nLa capacidad de desplazar a un ejército en el acto es una forma de estar preparado co-ntra los que son más fuertes. Una fuerza expedicionaria móvil y ligera de tropas espe-cialmente entrenadas se utiliza para oponerse a un ataque relámpago.\nLos ricos no están forzosamente seguros, los pobres no están necesariamente inseguros, la mayoría no prevalece necesariamente, las minorías no fracasan forzosamente. Lo que determina quien gana y quien pierde, quien está seguro y quien en peligro es su ciencia, su estrategia.\nSi el número de tus adversarios es mayor, pero eres capaz de dividirlos de forma que no puedan ayudarse unos a otros, existe un mo-do de ganar.\nLos gobiernos inteligentes y los generales con conocimiento de la ciencia militar deben prepararse primero; después pueden lograr el éxito antes de combatir, de forma que no pierden un posible logro exitoso después de luchar. Por ello, cuando los guerreros salen con éxito y vuelven sin ser heridos, entienden el arte la guerra.\nAunque un ejército enemigo tenga muchas tropas, un experto puede dividirlas, de forma que no puedan ayudarse entre sí cuando son atacadas.\nSi tú equipamiento no es eficaz, mientras que el enemigo está bien preparado, tu ejército será aplastado.\nLos jefes deben ser justos; si no son justos, carecerán de dignidad. Si carecen de dignidad, carecerán de carisma; si carecen de carisma, sus soldados no se enfrentaran a la muerte por ellos. Por esta razón, la justicia es la cabeza del arte la guerra.\nLos jefes de vencer humanos, si no son humanos, sus fuerzas no son eficaces. Si sus fuerzas no son eficaces no logran nada. Por ello, la humanidad constituye las tripas del arte la guerra.\nLos jefes deben tener integridad; sin integridad no tienen poder. Si no tienen poder, no pueden obtener lo mejor de sus ejércitos.\nPor ello, la integridad es la mano del arte la guerra.\nCualquiera que tenga forma puede ser definido, y cualquiera que pueda ser definido puede ser vencido.\nCuando las personas obedecen las normas sin recompensa ni castigos, se trata de órdenes que pueden ejecutar. cuando los de arri-ba son recompensados y los de abajo son castigados, más incluso si el pueblo no obedecer las órdenes, se trata de órdenes que el pueblo es incapaz de ejecutar.\nCuando se practica constantemente el orden para educar a las personas, estás obedecen. Cuando no se practica constantemente el orden para educar a las personas, entonces estás no obedecen. Cuando se practica el orden constantemente, ello significa que es eficaz para el conjunto.\nCuando se emplea a las personas de forma coherente con su naturaleza, entonces las órdenes con ejecutadas como una corriente que fluye.\nNo dejes que nada te seduzca, no dejes que nada que altere. Hay que centrarse sólo en lo que es apropiado.\nAunque seas sólido, manténte a la defensi-va; aunque seas fuerte sé evasivo.\nResponder a una forma con una forma es franqueza, responder sin forma a la forma es sorpresa.\nMira con los ojos de todo el mundo y no habrá nada que no puedas ver. Escucha con los oídos de todo el mundo y no habrá nada que no puedas oír. Piensa con la mente de todo el país y no habrá nada que no puedas conocer.\nHay seis formas de escoger a las personas para ejercer el mando: enriquecerlos y obser-var si se refrenan de la mala conducta para probar su humanidad. Ennoblecerlos y ver si se contienen de la altanería, para probar su sentido de justicia. Darles responsabilidades para ver si se contienen del comportamiento despótico, para probar su lealtad. Tentarlos para probar su confianza. Ponerlos en peligro y ver si no se asustan, para probar su valor.\nAbrumarlos y ver si permanecen incansables, para probar como abordan estratégicamente los problemas."
}