{
    "id": "58",
    "nombre": "Topicos a Cayo Trebacio - Marco Tulio Ciceron.epub",
    "fecha_generado": "2025-05-29",
    "Categoria": "Topicos a Cayo Trebacio",
    "texto": "TÓPICOS\nA CAYO TREBACIO\nMARCO TULIO\nCICERON\nCuando comenzaba yo a escribir cosas de más entidad y sustancia que las que he publi-cado hasta ahora, tu voluntad me apartó de este camino. Estábamos juntos en la bibliote-ca del Tusculano registrando cada cual de nosotros los volúmenes que para su estudio necesitaba, y tropezaste con los Tópicos de Aristóteles, explicados en muchos libros. Te llamó la atención el título, y me pediste la explicación del libro, y habiéndote dicho yo que allí se explicaba el modo de hallar argumentos según el método inventado por Aristóteles, me diste, a entender modestamente, como sueles, pero de manera que bien se conocía tu ardiente deseo, que te enseñase aquel método. Yo, no por esquivar el trabajo, sino por interés tuyo, te aconsejé que los leyeses por ti mismo o que aprendieses el método con algún doctísimo retórico. Una y otra cosa has intentado, según me dices; pe-ro la oscuridad de los libros te ha hecho de-sistir, y el retórico ha contestado que él igno-raba los preceptos de Aristóteles; y no es maravilla que un retórico desconozca a un filósofo, a quien muy pocos de los mismos filósofos estudian.\nY cierto que es imperdonable descuido, porque no sólo debían atraerles las cosas que dice o inventa, sino también la abundancia y suavidad increíbles del estilo. No pude, por tanto, ya que me lo rogabas muchas veces, aunque manifestando temor de serme moles-to, hacerte esperar más tiempo, ni ser injusto con un Intérprete del derecho. Habiendo escrito tú tanto para mí y los míos, he temido que pareciera ingratitud o soberbia el no hacerlo yo.\nMientras estuvimos juntos, tú eres buen testigo de mis ocupaciones. Después que me separé de ti para ir a Grecia, cuando ni la República ni los amigos me necesitaban, ni podía yo segura y honrosamente vivir entre las armas; así que llegué a Velia y vi tu casa y a los tuyos, me acordé de esta deuda y qui-se complacer tus tácitos deseos. Como no llevaba libros, escribí de memoria en la nave-gación lo que vas a oír, y te lo envío desde el camino, para que con mi diligencia en cumplir tus mandatos se despierte en ti la memoria de mis cosas, por más que no necesites de estímulo ni recuerdo, Ya es tiempo de llegar al objeto de este libro.\nTodo sistema dialéctico consta de dos partes: la invención y el juicio. En ambas fué Aristóteles (á mi ver) el príncipe. Los estóicos trabajaron sólo en una de las dos: en la ciencia del juicio, que llamaron dialéctica, y abandonaron del todo la Tópica o arte de invención, que es más útil y, en el orden de la naturaleza, la primera. Nosotros, encon-trando en ambas suma utilidad, nos propo-nemos tratar de las dos, comenzando por la Tópica.\nAsí como es fácil la Invención de las cosas escondidas cuando está sabido y señalado el lugar, así cuando queremos buscar algún argumento, debemos conocer los lugares. Llaman Aristóteles lugares las fuentes de donde los argumentos se tornan. Así, podemos definir el lugar: sitio o fuente del argumento; y el argumento: razón que prueba lo dudoso.\nLos lugares pueden ser, ya inherentes al mismo asunto, ya extrínsecos. Los inherentes pueden serlo, ya del todo, ya de las partes, ya de alguna nota o señal, ya de cosas que en alguna manera están enlazadas con la que se busca. Por el contrario, los lugares extrínsecos se traen de muy lejos y guardan poca analogía con el asunto.\nAl todo se aplican: 1.°, la definición, que lleva envuelto, digámoslo así, lo que se cuestiona. He aquí la forma de este argumento:\n«El derecho civil es una equidad constituida por los ciudadanos para seguridad propia. El conocimiento de esta equidad es útil; luego es útil el derecho civil.» 2.°, la enumer ación de las partes, vg.: «Si no es libre por el cen-so, ni por la vindicta, ni por el testamento, no es libre. Es así que ninguna de esas circunstancias ha intervenido; luego, no es libre.»\n3.°, la notación, cuando se funda algún argumento en la fuerza de las palabras, vg.:\n«Manda la ley que el contribuyente apoye al contribuyente, y por consiguiente el rico al rico, porque el rico es contribuyente. Como dice Elio, el contribuyente (assiduus) se llamó así ab assedando.» También se toman argumentos de las cosas que tienen alguna relación con la que se busca, ya por la semejanza de las palabras mismas; ya por género, especie, forma, semejanza, diferencia, contrariedad; ya por los adjuntos, antecedentes, consiguientes y repugnantes; ya en las causas y en los efectos; ya por comparación de mayor, menor o igual.\nLlámanse palabras afines las que nacen de una misma raíz, vg.: sabio, sabiamente, sabiduría. Este parentesco de las palabras se llama en griego suzugia, vg.: «Si el prado es de pasto común, es lícito apacentar en él.»\nArgumento de géne ro, vg.. «Si en el testamento se ha legado a la mujer toda la plata, no puede menos de contar se entre ella el dinero que hay en la casa: la forma no se separa del género mientras conserva su nombre. Es así que la plata acuñada conserva e, nombre de plata; luego entra en la herencia. »\nDe especie, que podemos llamar parte, para que se entienda mejor, vg.: «Si su marido habla dejado la herencia a Fabia con tal que fuera mater familias y no se habían unido por coempcion, nada se la debe, porque es-posa es el género sus especies son dos: una la madre de familias, otra la que se llama simplemente o es posa; y habiendo sido de estas Fabia, no tiene derecho al legado.»\nDe similitud, vg.: «Si se cayó y arruinó la casa cuyo usufructo se le había legado, no debe el heredero restituirla o reedificarla, como tampoco puede restituir el siervo, que se le haya dado en usufructo y que se la muera.»\nDe diferencia, vg.: «Aunque el marido legó a la mujer toda la plata, no ha de entenderse que lo legó la que sólo estaba consignada en escrituras y documentos, porque h gran diferencia entre estar el dinero en el arca o en las tablas y documentos.»\nDe contrariedad, vg.: «La mujer a quien su marido legó el producto de todos sus bienes, no ha de entender que le pertenecen las bo-degas llenas de vino y de aceite, porque se le ha legado el uso, no el abuso, cosas contrarias entre sí.»\nPor los adjuntos: «Si una mujer que no ha experimentado capitis diminutio hace testamento, no puede ser válido, según el edicto del pretor.» Añádase a esto que el cumplirlo equivaldría a declarar válidos los testamentos de los siervos, de los desterrados y de los niños.\nPor los antecedentes, vg., «si el divorcio se ha hecho por culpa del marido, aunque la mujer haya presentado la queja, no debe ella dejar nada para los hijos.»\nPor los consiguientes: «si habiéndose ca-sado la mujer con el que no tenía derecho de connubio con ella, presenta después queja, como los que han nacido no siguen al padre, no debe quedarle nada para los hijos.»\nPor repugnancia, vg., «si un padre de familias lega a su mujer el usufructo de las siervas y deja la propiedad a su hijo, o al segundo heredero, no perderá la mujer el usufructo aun después de muerto el hijo, pues lo que una vez se da por testamento, no puede quitarse contra la voluntad de aquel a quien se ha dado, pues repugna el recibir en justicia y devolver contra la voluntad.»\nPor causas suficientes, vg.: «todos tienen el derecho de añadir una pared directa (ya sólida, ya abovedada) a una pared común, pero si alguno, por estar mal edificada la pared común, la derriba al tiempo de hacer la suya, no debe pagar el daño, pues no ha sido por culpa suya, sino de la obra misma que estaba mal edificada.»\nPor los efectos, vg.: «cuando la mujer y el marido se unen por coempcion todo lo que poseía la mujer pasa al marido a título de dote.»\nPor comparación: lo que vale en lo mayor, vale en lo menor, vg.: «Si en la ciudad no se respetan los limites ¿por qué se ponen trabas al libre uso del agua?» Por el contrario: lo que vale en lo menor, vale también en lo mayor. Puede probarse con el mismo ejemplo vuelto al revés. También vale la comparación en cosas iguales, vg.: «Si el usufructo del fundo dura dos años, sucederá lo mismo con el de las casas, aunque la ley no hable de casas, y haya otras muchas cosas cuyo usufructo no dura más que un año, porque la equidad pide que se aplique el mismo derecho en causas iguales.\nLos lugares extrinsecos se fundan gene-ralmente en la autoridad. Los Griegos llaman a estas argumentaciones atexvous, esto es, sin arte, vg.: «Dijo Publio Scévola que sólo podía considerarse corno ámbito de la casa la parte hacia donde las aguas se dirigían, y que esto debía tenerse en cuenta, siempre que se cubriese una pared común.»\nTodos estos lugares hasta aquí expuestos son corno los principios para hallar todo gé-\nnero de argumentos. ¿Basta con esto? Para ti, hombre tan agudo y ocupado, pienso que sí; pero como eres muy ávido de conocimientos, prefiero que sobre algo, a dejarte no sa-tisfecho. Como cada uno de los lugares que he explicado tiene sus miembros y partes, los expondré uno a uno, comenzando por la definición.\nLa definición explica la naturaleza de lo que se define. Dos géneros hay de definiciones: una de lo real, otra de lo inteligible. Real llamo lo que puede verse y tocarse, vg., un fundo, una casa, una pared, un esclavo, re-baños, alhajas, ajuar de casa, etc. Llamo inteligible lo que no puede tocarse ni mostrarse con la mano, pero el ánimo lo ve y lo percibe, vg., la usucapio, la tutela, la gente, la agna-cion. Ninguna de estas cosas tiene cuerpo, sino que son formas o nociones impresas en el entendimiento. Hay definiciones por partición y por división. Po r partición, cuando se divide en miembros la cosa propuesta, diciendo, vg., que el derecho civil es el que está fundado en las leyes, sentares consultas, sentencias, autoridad de los jurisperitos, edictos de los magistrados, costumbre y equidad.\nLa definición por división abraza todas las especies comprendidas en un mismo género, vg.: la enajenación es la emancipación o la entrega a otro, o la cesión en derecho a otro con quien sea lícito contratar según la ley civil.\nOtros géneros hay de definiciones, pero no pertenecen al intento de este libro. Basta decir el modo de la definición. Los antiguos dan estas reglas: separando lo que la cosa que quieres definir tiene de común con otras, debes buscar lo que lo sea propio, la última diferencia que no puede aplicarse a ninguna otra cosa, vg.: «La herencia es dinero.»\nHasta aquí lo común, porque hay muchos géneros de dinero. Añade lo siguiente: «Que por muerte de alguno recae en otro.» Todavía no es definición, porque sin herencia se puede adquirir de muchos modos el dinero del muerto. Añade dos palabras:\n«Según el derecho.» Ya has separado la última diferencia, y tienes completa la definición: así: «herencia es el dinero que por muerte de uno recae en otro, según ley.»\nTodavía puedes añadir: «y que no ha sido legada por testamento ni retenida por posesión.»\nDel mismo género es esta otra definición:\n«Pertenecen a la misma gens los que tienen el mismo nombre.» Esto no basta. «los que han nacido de hombres libres.» Tampoco basta: «ninguno de cuyos mayores ha pade-cido servidumbre.» Todavía falta algo: «ni diminutio capitis.» Este quizá baste, y creo que el mismo pontífice Scevola no añadiría una palabra a esta definición. Vale este mé-\ntodo para las definiciones de cosa real y para las de cosa inteligible.\nHemos visto en qué convienen las particio-nes y las divisiones. Veamos ahora en qué difieren. La partición se divide en miembros, como el cuerpo en cabeza, hombros, manos, rodillas, pies, etc. La división, en formas, que los Griegos llaman ideas, y algunos de los nuestros (y son muy pocos los que de esto tratan) especies, no mal del todo, aunque me parece inútil este cambio de palabras. Si podemos decirlo en latín, no sé por qué hemos de decir especies y no formas; significando las dos palabras lo mismo, creo que debe preferirse la pureza en el lenguaje.\nEl género y la forma se definen de este modo:\nGénero es una noción que se aplica a muchas diferencias; forma es una noción cuya diferencia se refiere al género como a su fuente. Llamo noción lo que llaman los Griegos svvoca y prolépsis. Es un conocimiento innato, anterior a la percepción de toda forma. En las formas se divide el género sin emisión de ninguna, vg., se divide el derecho en ley, costumbre, equidad. El que cree que formas es lo mismo que partes, confunde el arte, y engañado por cierta semejanza, no distingue con bastante claridad lo que debe distinguirse. Muchas veces definen los oradores y poetas por traslación de las palabras y por semejanza; pero yo no dejaré de poner ejemplos jurídicos, sino en caso necesario.\nSolía mi colega y familiar Aquilio decir que litus (costa) se llamaba así qua fluctus elude-ret (porque rompía las olas). Es como si definiéramos a la adolescencia; flor de la edad, y a la vejez, ocaso de la vida. Por medio de la traslación pasan las palabras de su valor propio a otro metafórico. Basta ya, de la definición. En la división no ha de omitirse ninguna de las partes, a la manera que no puedes omitirla cuando divides alguna herencia o tutela; pero si divides las fórmulas de las estipulaciones y de los juicios, no es vicioso el omitir algo en un asunto casi infinito. Sólo lo es cuando hay cierto número de formas de-ntro de cada género. La distribución de las partes es muchas veces casi infinita, como la de los hilos de agua que salen de una fuente.\nEn toda arte oratoria, una vez propuesto el género de la cuestión, se añaden sus formas; pero cuando se trata de los ornamentos de palabras y de sentencias que se llaman cxnuata, no sucede lo mismo, porque la materia es casi infinita: en lo cual se ve clara la diferencia que hay entre la partición y la división. Aunque los vocablos parecen significar lo mismo, las cosas difieren bastante entro sí.\nCuando se funda el argumento en el valor de la palabra, se usa la notación que los Griegos llaman etimología, esto es, palabra de palabra. Pero nosotros, huyendo la novedad en las palabras, llamamos a este género notación, porque las palabras son como las notas de los objetos. Por eso Aristóteles las llama también símbolos, que es lo mismo que en latía nota. Pero una vez que estamos conformes en la inteligencia de la cosa, poco importa el nombre.\nDe la notación se hace mucho uso en la disputa, verbigracia: cuando se pregunta lo que es postliminio y no se enumeran las partes del postliminio, porque esto entraría en la división, vg.: «por medio del postliminio se recobran el hombre, la nave, el mulo, el ca-ballo, la yegua sujeta al freno, etc.» Pero cuando se pregunta el valor de la palabra postliminio, contesta nuestro Servio, que sólo se ha de atender al post, y que el liminio no es más que una pro ducción de la palabra, corno en finítimo, legítimo, aedítimo, nada vale el timun, ni en meditullio el tullium. Por el contrario, Scevola, hijo de Publio, cree que la palabra es compuesta de post y limen, es decir, que las cosas enajenadas, y que vienen a poder de los enemigos, salen, por decirlo asi, de su umbral (limen), y cuando vuelven a él tiene lugar el postliminio. Así, se puede defender la causa de Mancino diciendo que volvió por postliminio, ya que no fué recibido, aunque sí entregado, porque ni la entrega ni la donación se verifican sin que haya quien reciba.\nEl tópico o lugar fundado en las cosas que tienen alguna relación con la que es objeto de controversia, se divide en muchas partes: l.°, la a finidad, que los Griegos llaman suzygia, y que es muy parecida a la notación, vg.: si entendiendo nosotros por agua de lluvia sólo la que cae de las nubes, dijera Mucio, fundándose en el parentesco de las palabras plu-via y pluendo, que debe entenderse toda el agua acrecentada por la lluvia.\nCuando el argumento se tome del género, no es necesario traerle desde el principio; basta que lo que se trae para probar sea un género más o menos próximo, vg.: el agua de lluvia en último género es la que cae de las nubes, pero en género más próximo, y aplicable al derecho, es el agua de lluvia que ofende o daña. Y las especies de este género son dos: el vicio de lugar y la mano; el primero de los cuales debe ser corregido por el árbitro, y el segundo no.\nTambién se puede tratar esta argumentación enumerando las partes del género, vg.: si es dolo y engaño el hacer una cosa y fingir otra, conviene enumerar los modos cómo esto se hace, o incluir en algunos de ellos el hecho particular de que nos quejamos. Este género de argumentación es muy firme.\nLa semejanza es muy usada, pero más por los filósofos y oradores que por los jurisconsultos.\nAunque en toda disputa puede traerse to-do linaje de argumentos, hay algunos que ocurren con más frecuencia en unas que en otras. Por eso debes conocer los géneros y usar de cada uno de ellos según las cuestiones.\nHay símiles que llegan a lo que se quiere probar por medio de muchas comparaciones, vg.: «Si deben prestar juramento el tutor, el socio, el mandatario y el que ha recibido la fianza, también debe hacerlo el procurador.»\nEste argumento se llama inducción, y por los Griegos : le usó mucho Sócrates en sus razonamientos.\nOtro género de símil se funda en la comparación de igual a igual de dos cosas solas, vg.: «A la manera que en la ciudad, si hay controversia de límites, como éstos pertenecen más bien a los campos que a la ciudad, no puedes nombrar un árbitro; así, si el agua de lluvia molesta en la ciudad, como esto pertenece más bien a los campos, tampoco se puede nombrar un árbitro dé la ciudad para este caso.»\nTambién se fundan en la semejanza los ejemplos. De estos usó mucho Craso en la causa de Curio, el cual había mandado en su testamento que si le nacía un hijo en el término, de diez meses, y moría antes de llegar a la mayor edad, el segundo heredero reco-giese la herencia. Los ejemplos valieron mucho a Craso, y también suelen emplearlos los jurisconsultos en sus respuestas.\nTambién hacen fuerza los ejemplos fingi-dos, pero más en la oratoria que en el derecho. Si alguna vez los usais vosotros, es por ficción legal, vg.: «Supon que alguno enagenó lo que no podía enagenar, ¿por ventura el que lo recibió, adquirió la propiedad, ni el donador contrajo ninguna obligación?» En este género es lícito a los oradores y filósofos hacer hablar las cosas inanimadas, evocar de sus sepulcros a los muertos, y decir cosas absolutamente imposibles, sólo para ensalzar o deprimir un objeto, lo cual se llama Hipér-bole. Pero este es campo propio de ellos.\nDe los lugares antedichos, pueden tomarse argumentos, así en las cuestiones grandes, como en las pequeñas.\nA la semejanza sigue la diferencia, que es en todo contraria, vg.: Aunque puedes pagar a una mujer lo que la debes sin que interven-ga el tutor, no puedes pagar del mismo modo lo que debas a una pupila o a un pupilo.»\nViene luego la contrariedad, cuyos géneros son muchos. Hay cosas contrarias que difieren en todo, como la sabiduría y la necedad, la tardanza y la celebridad, y no la celeridad y la debilidad. Con este género de proposiciones contrarias se argumenta del modo siguiente: Si huimos de la ignorancia, hemos de buscar la sabiduría; si huimos de la mali-cia, hemos de procurar la bondad. Este linaje de contrarios se llaman adversos.\nHay otro género de contrarios que en latín llamamos privativos y en griego . La preposi-ción in priva a la palabra de la fuerza que tendrían si el in no estuviera antepuesto, v.g., dignidad, indignidad, humanidad, in-humanidad, etc. Este argumento se trata lo mismo que los anteriores.\nHay otra manera de contrarios por comparación, vg., doble, simple; mucho, poco; lar-go, breve; mayor, menor. También son de mucha fuerza los contrarios negativos, que los Griegos llaman , vg.: si esto es, estotro no es. ¿Para qué se necesita ejemplo? Sólo se ha de advertir que en la invención de los argumentos no se han de elegir siempre contrarios del mismo género.\nDe adjuntos puse un ejemplo antes: el de las consecuencias que se seguirían si por edicto del Pretor se diese posesión de la herencia conforme a las tablas de alguno que no tuviera derecho a hacer testamento. Este argumento vale más en las causas conjetúrales, donde se pregunta que es, o qué es lo que aconteció o ha de acontecer, o qué puede hacerse. Han de considerarse los antecedentes, las circunstancias del hecho y los consiguientes. Esto nada tiene que ver con el derecho: id a Ciceron,» decía nuestro Galo, cuando se disputaba ante él de alguna cuestión de hecho. Permite, sin embargo, que no omita yo ninguna de las partes del artificio comenzado, no sea que escribiendo tan sólo lo que te interesa, parezca que mi cariño hacia ti es excesivo. Este argumento (digo) es en su mayor parte oratorio; no le usan los jurisconsultos, ni aun los filósofos.\nAntes del hecho se consideran los prepara-tivos, las conversaciones, el lugar, el convite, etc.: en el hecho mismo el ruido de los pies, el estrépito de los hombres, las sombras, etc.: después del hecho el rubor, la palidez, el titubear y los demás indicios de mala con-ciencia; el apagar el fuego, la espada ensan-grentada y todas las demás circunstancias que pueden mover a sospecha.\nHay otro lugar propio de los dialécticos, el cual se compone de antecedentes, consiguientes y repugnantes, y es muy diverso de los adjuntos. Estos no ocurren todas las veces, pero los consiguientes siempre y por necesidad, y lo mismo los antecedentes y repugnantes. Todo lo que antecede a una cosa está adherido necesariamente a ella, y todo lo que repugna a una cosa nunca puede unirse con ella.\nEste lugar se distribuye en tres partes: consecuencia, antecedente, repugnante. El modo de hallar el argumento es simple, pero el modo de tratarle es triple. Si te propones demostrar que el dinero contante debe entre-garse a la mujer a quien ha sido legada toda la plata, ¿qué más da hacer el argumento de este modo?: «Si el dinero acuñado es plata, ha sido legado a la mujer: es así que es plata; luego ha sido legado.» O de este otro mo-do: «Si el dinero contante no le ha sido legado, no es plata: es así que esplata; luego le ha sido legado. O de este otro: «No le ha sido legada la plata ni el dinero contante: es así que le ha sido legada la plata; luego lo ha sido legado el dinero contante.»\nLlaman los dialécticos primer modo de la conclusión a aquel en que la consecuencia sigue necesariamente a las premisas. Segundo modo de la conclusión es aquel en que, negado el medio, hay que negar también la mayor. En el tercer modo de la conclusión, aceptado uno de los términos de la disyuntiva, hay que negar el otro.\nLos argumentos que concluyen por contrariedad se llaman entre los retóricos entimemas, no porque toda sentencia deje de ser un entimema, sino porque así como Hornero dió por su excelencia nombre entre los Griegos a todos los poetas, así, aunque toda sentencia se dice entimema, como la que se compone de proposiciones contrarias parece la más aguda, de aquí que ella sola posea como propio el nombre común. Ejemplos: «Temes a este y no recelas del otro.-Condenas a la que de nada acusas.\n- Dices que ha merecido mal aquella que juzgas benemérita. -Lo que sabes no te aprovecha; lo que no sabes te daña.»\nEste género de razonamiento ocurre a veces en las disputas de los jurisconsultos, pero más en las de los filósofos y oradores. Unos y otros usan con frecuencia la conclusión de sentencias repugnantes que los dialécticos llaman tercer modo y los retóricos entimema.\nHay otros modos dialécticos que constan de disyunciones, vg.: «O esto o aquello: no es esto; luego es aquello» o al contrario. Estas conclusiones son legítimas, porque en la dis-yuntiva no puede ser verdadera más que una de las proposiciones.\nDe las conclusiones antedichas, a la primera llaman los dialécticos cuarto modo y a la segunda quinto. Después añaden la negación de las conjunciones, vg.: «No puede ser a la vez esto y aquello: es así que es esto; luego no es aquello.» Este es sexto modo. El sétimo al contrario: «Es así que no es esto; luego es aquello.» De estos modos nacen innumera-bles conclusiones, en las cuales consiste casi toda la dialéctica; pero ni siquiera las que he expuesto son necesarias para mi propósito.\nSíguese el lugar de las causas eficientes y el de los efec tos producidos por estas causas. De ellas he puesto, no ha mucho, ejemplos tomados del derecho civil, pero es materia que requiera más larga explicación.\nDos géneros hay de causas: uno que produce necesariamente y por su propia virtud el efecto, vg.:\nEl fuego quema. Otro que no tiene virtuali-dad eficiente, pero sin el cual no puede hacerse una cosa.\nAsí podría llamarse al bronce causa de la estatua, porque sin él no puede hacerse. De este género de causas unas son quietas, iner-tes, y por decirlo así estólidas, vg., el lugar, el tiempo, la, materia, los instrumentos, cte.; otras preparan el efecto y ayudan por sí, aunque no son necesarias, vg.: La comunica-ción es causa de amor, y el amor causa de liviandad.\nEn este género de causas fundan los estóicos la eternidad del Hado.\nAsí como hemos dividido este género de causas, podemos dividir las eficientes. Las hay que obran por sí mismas y sin ayuda de ninguna otra: las hay que necesitan auxilio, vg.; La sabiduría hace sabios por sí sola, pero se puede cuestionar si hace por sí sola hombres felices. Cuando en la controversia ocurre alguna causa eficiente y necesaria, se puede concluir, sin duda ni vacilación alguna, cuál es el efecto de aquella causa; pero cuando la causa eficiente no sea necesaria, tampoco lo será la conclusión. Por eso no suelo haber error en los razonamientos donde la fuerza eficiente es necesaria, pero sí en aquellos donde ocurre la causa instrumental o sine que non.\nAunque los hijos no pueden existir sin los padres, no por eso hay en los padres causa necesaria de generación. Se ha de distinguir, pues, con cuidado, la causa sine qua non, de la cierta y necesaria, vg., cuando, decimos:\n«¡Ojalá nunca en el monte Pelion hubiesen caído al golpe de la segur los fuertes robles!»\nPues claro es que si los robles no hubiesen venido a tierra, no se hubiera hecho la nave Argos, y sin embargo no había en aquella madera causa eficiente ni necesaria. Pero cuando cayó sobre la nave de Ayax el fulmi-nante y corusco rayo, fué necesario que la nave se inflamase.\nAun hay otras divisiones de las causas, porque unas obran sin ningún apetito del ánimo, sin voluntad, sin opinión, haciendo, vg., «que muera todo lo que ha nacido.»\nOtras obran por voluntad, o pasión de ánimo, o hábito, o naturaleza, o arte, o casualidad.\nPor voluntad, como tú cuando lees este libro; por perturbación, como el que temo los suce-sos de estos tiempos; por hábito, como el que se enoja fácil y pronto; por naturaleza:\n«el vicio crece cada día;» por arte, como el que pinta bien; por casualidad, como el que navega prósperamente. Ninguna de estas cosas se hace sin causa, pero estas causas no son necesarias. En alguna de ella, vg., en la naturaleza y en el arte, hay constancia, en otras no.\nDe las que no son constantes, hay unas ocultas y otras claras: claras son las que de-penden del apetito y del juicio; ocultas las que están sujetas a la fortuna. Nada se hace sin causa. La fortuna es una causa oscura que obra calladamente.\nDe los actos humanos, unos son ignorados, otros voluntarios: ignorados, cuando son efecto de la necesidad; voluntarios, cuando nacen de libre determinación: los que depen-den de la fortuna son también ignorados o voluntarios; el arrojar el dardo es voluntario; el herir a quien no quisieras es de fortuna. De aquí aquella cuestión tan común en vuestros negocios: «¿El dardo se ha escapado de las manos o ha sido arrojado?» Entran también en la ignorancia o imprudencia las pasiones de ánimo, que aunque son voluntarias, pues se reprimen con la amonestación y el castigo, tienen sin embargo tanta fuerza, que lo que es voluntario parece a veces necesario, o a lo menos ignorado.\nEsta diferencia de causas ofrece gran copia de argumentos a los oradores y filósofos. No tanto en vuestras causas, aunque son quizá más sutiles. De grande importancia me parecen los juicios privados que se confían a la prudencia de los jurisconsultos; ellos dan consejos y suministran armas a los clientes que acuden a su saber y experiencia.\nEn todos los juicios, pues, donde se añada la cláusula ex fide bona (según la buena fe), o esta otra: ut inter bonos bene agere opor-tet, y especialmente en los negocios matri-moniales o de dote, en que se suele añadir quid equius et metius, deben estar prepara-dos a responder a todo. Ellos enseñaron lo que es dolo y buena fe, lo que es justo y bueno, las obligaciones del socio con el socio, del curador de negocios ajenos con el que se los ha confiado, del mandatario con el que le ha dado el mandato, del marido con la mujer y de la mujer con el marido. El conocimiento de los Tópicos aprovecha por tanto, no sólo a los oradores y filósofos, sino también a los jurisconsultos, para mostrar riqueza de argumentos en sus consultas.\nUnido al lugar de la causa está el del efecto; así como de la causa se deduce el efecto, así los efectos manifiestan la causa. Este lugar proporciona a los oradores y poetas, y a veces a los filósofos y a todos los que quieren hablar con abundancia y ornato, gran copia de modos de decir, cuando del conocimiento de las causas llegan al de los efectos y predi-cen, digámoslo así, lo futuro.\nResta la comparación, de la cual ya pusimos ejemplos; ahora falta explicar el modo de trataría. Se comparan las cosas mayores, menores o iguales, atendiendo al número, especie, fuerza o relación con alguna cosa extraña. Por el número se compararán anteponiendo más bienes a menos bienes, menos males a muchos males, bienes de más dura-ción a otros más breves, y prefiriendo siempre los que sean causa de nuevos bienes y estímulo para que otros los hagan.\nPor la especie: anteponiendo lo que es apetecible por sí a lo apetecible por otra causa, lo innato a lo adventicio, lo íntegro a lo contaminado, lo agradable a lo menos agradable, lo honesto a lo útil, lo necesario a lo innecesario, lo propio a lo ajeno, lo raro a lo vulgar, lo que debe desearse a aquello de que fácilmente se puede carecer, lo perfecto a lo imperfecto, el todo a la parte, lo racional a lo irracional, lo voluntario a lo necesario, lo animado a lo inanimado, lo natural a lo no natural, lo artificioso a lo no artificioso.\nEn la fuerza estriba la comparación: cuando se prefiere la causa eficiente a la no eficiente, lo que no necesita de nadie a lo que necesita de otro, las cosas que están en nuestro poder a las que están en el ajeno, lo estable a lo incierto, lo que no puede perderse a lo que puede perderse.\nPor relación a otras cosas, vg.: ha de preferirse el interés de los mejores al de los res-tantes, y estimar más lo que aprueben muchos o los más virtuosos y excelentes. Así como estas cosas son las mejores en la comparación, así las contrarias son las peores.\nLa comparación de cosas iguales no tiene mayor ni menor, es igual. La comparación por igualdad procede así: si es digno de alabanza el dar buen consejo a los ciudadanos, también lo será el defenderlos: es así que es verdad lo primero; luego también lo segundo.\nQueda expuesto y terminado el modo de hallar los argumentos por definición, partición, notación, conjunción, género, forma, semejanza, diferencia, contrarios, adjuntos, consiguientes, antecedentes, repugnantes, causas, efectos, comparación de mayor, menor e igual: no queda otra fuente de argumentos; pero como desde el principio he prometido hablar de algunos lugares íntima-mente unidos con aquel de que se disputa, y de otros extrínsecos, añadiré algo sobre ellos, aunque no tiene mucha aplicación a vuestras controversias; pero corno no te deleita sólo el derecho civil, y además esto que escribo para ti ha de llegar a manos de muchos, he de procurar satisfacer a todos los que tienen amor a los buenos estudios.\nLa argumentación que se llama sin arte consiste en el testimonio. Testimonio se llama toda prueba tomada de alguna cosa externa.\nLa persona, aunque no cualquiera, tiene el valor de un testimonio; para que haga fe se requiere la autoridad que da la naturaleza o el tiempo. La autoridad de la naturaleza consiste principalmente ea la virtud; se funda la autoridad del tiempo, en el ingenio, riquezas, edad, fortuna, arte, experiencia, necesidad o concurso de cosas fortuitas, pues a los inge-niosos, a los opulentos y a los ancianos se los creo dignos de crédito, quizá sin razón, pero no se puede torcer la opinión del vulgo, y por ella se guían los que juzgan y los que esti-man. Los que sobresalen en estas cosas se cree también que sobresalen en la virtud. Las demás circunstancias que he enumerado, aunque no tienen apariencia de virtud, contribuyen a dar crédito, porque es grande para persuadir la fuerza del arte, ciencia o experiencia, y siempre se cree más a los que son expertos. Hace fe la necesidad, ya de cuerpo, ya de alma: cuando un hombre está fatigado con tormentos, azotes, fuego, etc., parece que es verdad lo que dice; y las pasiones del alma, dolor, codicia, iracundia, miedo, como tienen fuerza necesaria, producen autoridad y fe. Al mismo género pertenecen otros indicios que suelen servir para averiguar la verdad; la niñez, el sueño, la imprudencia, la embria-guez, la locura: los niños dicen muchas veces las cosas sin entenderlas; y por medio del sueño, del vino y de la locura, se han descu-bierto muchas cosas. Otros pecan por imprudencia, corno la aconteció no ha mucho a Estaleno, que dijo algunas cosas sin pensar que le oían testigos pared por medio, y fué condenado, merced a la declaración de ellos, a pena capital. Lo mismo cuentan de Pausa-nias lacedemonio.\nAl concurso de circunstancias fortuitas pertenece, por ejemplo, el haber llegado por casualidad a un sitio donde se hacia o decía algo que sus autores querían tener secreto. Al mismo género pertenece aquella multitud de conjeturas y sospechas de traición amonto-nadas contra Palamedes. Es muy difícil refu-tar este modo de argumentación, aún con la verdad. Lo mismo acontece con el rumor del vulgo o testimonio de la multitud. La virtud hace fe como testimonio, ya por naturaleza, ya por industria, según que sea virtud de Dios, o de los hombre.\nLos testimonios divinos son estos: 1.°, el de la oración (de aquí tomaron su nombre los oráculos);\n2.°, el de la obras divinas, corno son este mundo y su admirable orden y hermosura; el vuelo y el cinto de las aves, los Terremotos, la aparición de los cometas y otros muchos portentos, y finalmente, la adivinación por medio de las entrañas y la interpretación do los sueños. A todos estos argumentos puede acudirse cuando se invoque el testimonio de los Dioses.\nEn el hombre vale mucho la opinión de virtud.\nLa opinión es que no sólo tienen virtud los que la tienen, sino los que parece que la tienen. Así, cuando vemos a un hombro dotado de ingenio, saber y doctrina y do, vida constante y probada, como Caton, Lelio, Escipion y otros muchos, imaginamos siempre que es como nosotros quisiéramos que fuese, y no sólo juzgamos tales a los que han tenido honores del pueblo, y han gobernado la repú-\nblica, sino a los oradores, filósofos, poetas e historiadores, en cuyos dichos y escritos se funda muchas veces la autoridad y el testimonio.\nExpuestos todos los lucrares de argumentación, se ha de entender, ante todo, que no hay ninguna controversia en que deje de ocu-rrir alguno de ellos, ni ocurren casi nunca todos en la misma cuestión, sino que los hay más o menos acomodados a un género de causas que a otro.\nDos géneros hay de cuestiones: uno infinito, otro definido. Definido es el que llaman los Griegos hipótesis, y nosotros causa. Infinito el que ellos llaman tésis, y nosotros podemos llamar propósito.\nLa causa versa sobre ciertas personas, lugares, tiempos, negocios, sobre todos o los, más de ellos: el propósito sobró alguno de ellos o varios, pero no sobre los más. En toda cuestión hay un objeto y una causa. Dos gé-\nneros hay de cuestiones: una de conocimiento, otra de acción. Al conoci miento tocan aquellas disputas cuyo fin es la ciencia, vg.: se pregunta si el derecho ha nacido de la naturaleza o de alguna condición y pacto humano. Ejemplo de controversia de acción: «¿Es propio del sabio tomar parte en el Gobierno de la República?»Las cuestiones del conocimiento son triples: se pregunta: l.°, si es; 2.°, que es; 3.°,como es; valiéndose respec-tivamente de la conjetura, de la definición y de la distinción del derecho y de la injuria. La conjetura se divide en cuatro, partes: pregúntase en la primera, si hay algo; en la segunda, de dónde procede; en la tercera, cuál es, su causa; en la cuarta, cuáles son sus modificaciones. Si es o no, vg.: ¿Es justo y honesto en realidad o sólo en opinión?» 2. °,\n¿cuál es su origen? vg.:\n«¿la virtud procede de la naturaleza o de la doctrina?\n3.° La causa eficiente, vg.: «¿De qué procede y se compone la elocuencia?»\n4.° Las modificaciones, vg.: «¿Puede la elocuencia convertirse de alguna manera en infamia?»\nCuando se pregunta ¿qué es? se ha de explicar la noción, la propiedad, la división y la partición: todo esto corresponde a la definición; estos son los atributos de la definición. Añádese la descripción, que los Griegos llaman carácter. La noción, vg.: «¿Es justo lo que es útil para el poderoso?»\nLa propiedad, v g.: «¿La tristeza es propia solo del hombre o también de las bestias?»\nLa división y partición», verbigracia: Hay tres géneros de bienes.» La descripción, vg., del avaro, del adulador, pintando su vida y costumbres.\nCuando se pregunta ¿por qué es? la cuestión es simple o c omparada. Simple, vg.:\n«¿Se ha de apetecer la gloria?»\nComparada, vg: «¿Se ha de anteponer la gloria a las riquezas?» Tres géneros hay de cuestiones simples: 1º, de lo apetecible y lo vitando, de lo justo y lo injusto, de lo honesto y lo torpe. Dos géneros de comparación: 1.°,de igual a igual; 2.°, de mayor a menor.\nDe lo apetecible, vg. Se han de buscar las riquezas; se ha de huir la pobreza.» De lo justo y lo injusto, vg.: «¿Es justo vengarse de cualquier Injuria que se reciba? De lo honesto y lo torpe, vg.: «¿Es glorioso morir por la patria?» Ejemplo de comparación entre cosas contrarias: «¿Qué diferencia hay entre el adulador y el amigo, entre el rey y el tirano?»\nDe mayor a menor: «¿Importa más la elocuencia o la ciencia del derecho civil?» Las cuestiones de acción son de dos géneros: uno que se encamina a convencer, otro a excitar, mitigar o calmarlos afectos del alma. A la convicción, vg.: «¿Han de ser recogidos y educados los hijos?» A mover los ánimos se dirigen esas exhortaciones, a la defensa de la república, a la gloria, etc.; así como las quejas, lamentaciones y todo discurso que apla-que la ira, o disipe el miedo, o reprima el ex-ceso de alegría o tristeza. Ahora hemos de ver qué lugares son, acomodados a cada una de las cuestiones: casi todos sirven para todas, pero los hay más acomodados a unas que a otras. Para la conjetura sirven principalmente los argumentos de causa, efectos y adjuntos. A la definición pertenece la razón y ciencia de definir. Al mismo género es análo-ga la distinción, que viene a ser una especie de definición, pues si se pregunta: ¿Es lo mismo la pertinacia que la perseverancia?\nhay que valerse de la definición. Convienen a este género de cuestiones los consiguientes, antecedentes y repugnantes, así como las causas y efectos. Pues si es consiguiente de una cosa, no lo es de otra; si repugnante a la una, no a la otra; si causa o efecto de una cosa, no de la otra, etc.\nLa cuestión ¿cómo es? se resuelve por la comparación en todos sus géneros. En el de lo apetecible y vitando se comparan los Nenes y males de ánimo, de cuerpo y extrínsecos. Cuando se trata de lo honesto y lo torpe hay que fijarse en las buenas o malas cualidades de ánimo. Lo justo y lo injusto pueden serlo por naturaleza y por convenio. La naturaleza tiene dos partes: el derecho de defensa, y el de, castigo. La equidad por convenio es triple: 1.°, legitima; 2.°, conveniente; 3.°, confirmada por antigua costumbre.\nHay otra división también triple, según que la equidad toca y pertenece a los dioses, a los manes o a los hombres: la primera se llama piedad; la segunda, santidad; la tercera, justicia.\nBasta ya delprop6ísito: digamos algo de la causa, aunque muchos de los preceptos son comunes. Tres son los géneros de causas: judicial, deliberativo y demostrativo.\nEl fin de cada uno mostrará qué argumentos han de usarse en él. El fin del género judicial es el derecho, cuyas partes hemos expuesto al tratar de la equidad. El fin de la deliberación es la utilidad, cuyas partes ya dijimos al tratar de lo apetecible. El fin de la alabanza es la honestidad; materia asimismo conocida.\nLas cuestiones se dividen en acusación y defensa.\nEl acusador argüirá del hecho al reo. El defensor contestará una de tres cosas: o que no es verdadero el hecho, o que merece otro nombre, o que es legítimo. La primera respuesta se llama conjetural; la segunda, defi-nitiva; la tercera, judicial, aunque el nombra es ambiguo.\nLos argumentos propios de estas causas y tomados de los lugares que antes expusimos, son materia del arte oratoria. A la refutación de la acusación, que en griego se llama , llamémosla en latín status (estado). Las mismas posiciones de la causa ocurren en la deliberación y en la demostración, pues se niega la posibilidad absoluta o relativa de que llegue a ejecutarse lo que se propone.\nEn esta argumentación entra el estado conjetural.\nCuando se discute sobre la utilidad, honestidad, equidad, o sus contrarías, la cuestión es de derecho o de nombre; y lo mismo en las oraciones laudatorias.\nSe puede negar la realidad del hecho elo-giado, o el nombre que el panegirista le da, o la legitimidad y rectitud del hecho mismo. De todos estos argumentos se valió con Impu-dencia César contra mi glorioso amigo Caton.\nA la controversia que resulta de este estado de la causa llaman los Griegos . Yo prefiero llamarla aquello que se trata. A las pruebas y apoyos de la defensa llamamos fundamentos quitados éstos, no hay defensa. Como la ley es en toda controversia el argumento más firme, hemos de invocar siempre el testimonio y auxilio de las leyes. De aquí nacen nuevos estados de la causa que se llaman legítimos.\nEntonces se sostiene que la ley no dice lo que el adversario supone. Acontece esto cuando el escrito es ambiguo y puede tomarse en dos sentidos diferentes. En este caso, o se opone a lo escrito la voluntad del legisla-dor y se pregunta qué vale más, las palabras o la sentencia, o se cita una ley contraria.\nTres son, por tanto, los géneros de controversia en todo escrito: ambigüedad, discre-pancia del escrito y de la letra, escritos contrarios.\nClaro es que estas controversias no ocurren sólo en las leyes, sino en los testamentos, estipulaciones y demás actos que se hacen por escrito. De esto trataremos en otro libro. Y no solo hay argumentos para todo el discurso, sino para cada una de sus partes, ya propios, ya comunes, vg.: en el exordio, para hacer a los oyentes benévolos, dóciles y atentos; en la narración, para que sea clara, breve, evidente, creíble y acomodada a la dignidad de las personas: cualidades que han de resplandecer en todo el discurso, pero que son más propias de la narración.\nComo la fe que se da a la narración de-pende del modo de persuadir, sirven aquí todos los lugares útiles para la persuasión. En el epílogo se usa principalmente la amplifica-ción, cuyo objeto debe ser perturbar o aquie-tarlos ánimos, y excitar o calmar las pasiones antes irritadas. Para este género, en que en-tran la misericordia, la ira, el odio, la envidia y demás afectos humanos, se dan reglas en otros libros que podrás leer conmigo cuando quieras.\nPor lo que toca a mi actual propósito, creo haber satisfe cho tu voluntad, pues para no pasar en silencio nada de lo que puede con-ducir a la invención de argumentos, me he extendido más de lo que deseabas, y he hecho lo que suelen hacer los liberales ven-dedores cuando traspasan la propiedad de alguna casa o fundo, cediendo grát1s al com-prador cualquier ornato o mejora que hayan hecho. Por eso yo, además de darte lo que tenía obligación, he añadido ciertos adornos y perfiles que no eran absolutamente necesarios."
}