{
    "id": "94",
    "nombre": "Karl Marx - Manifiesto comunista - .pdf",
    "fecha_generado": "2025-05-29",
    "Categoria": "Manifiesto comunista",
    "texto": "MANIFIESTO\nCOMUNISTA\nCARLOS MARX\nFEDERICO ENGELS\nNota Preliminar\nDe las varias ediciones castellanas del\nManifiesto pocas son buenas y ninguna\nexcelente. La primera fue hecha, según\nparece, por José Mesa, traductor también de\nMiseria de la filosofía, de Carlos Marx. En\nediciones sucesivas, y alguna de ellas en la\nArgentina, se reprodujo ese texto,\ndescuidadamente y sin revisarlo siquiera con\nla edición francesa, excelente por más de un\nconcepto. Más tarde se publicó una nueva\nversión española, hecha sobre la traducción\nfrancesa de Carlos Andler. La traducción de\nAndler está hecha sin ningún escrúpulo y con\nuna interpretación tan poco rigurosa de\nmuchos pasajes, que desvirtúa más de un\nconcepto. Es natural que la edición castellana\nque tomó esta base, adolezca de los mismos\ndefectos. En el año 1924 García Quejido hizo\nuna edición que hasta el momento es la\nmejor. Conociendo todas las anteriores,\nsiguió la francesa de Laura Lafargue, y\nmejoró el texto de la primera, que se supone\nde Mesa. En estos intervalos, especialmente\ndespués de la revolución rusa, se publican\ndos o tres ediciones anónimas y tan malas\nque sólo merecen una referencia\ncondenatoria. Dos se han publicado\núltimamente en España: la primera traducida\npor un tal Antonio Atienza y la segunda por E.\nGonzález Blanco. Ambas exigen un juicio\nanálogo al de las anónimas que hemos\nmencionado.\nEn nuestro país se reprodujo hace años la\nprimera versión española y también se hizo\nuna edición de la de García Quejido. Tanto en\nla primera como en la segunda se siguió el\npernicioso \"sistema editorial\" de copiar\nsimplemente, sin averiguar la fidelidad del\ntexto ni hasta dónde es posible mejorarlo.\nPara esta edición hemos tomado como base la\nde García Quejido y la francesa de Laura\nLafargue. La versión de Laura Lafargue es de una\nnotable concisión y conserva toda la fuerza\npoderosa del modo de expresión que tuvieron los\nautores del Manifiesto. En algunos párrafos\nGarcía Quejido ha diluido esa característica de\nMarx y Engels, tan visible en el Manifiesto, lo que\nva en perjuicio de su prolijo trabajo. El texto de\nesta edición está más aproximado al límpido de la\nde Lafargue.\nEl Manifiesto Comunista es el documento\nrevolucionario más importante y de ideas\nhistóricas más seguras que nunca se haya escrito.\nSiempre es necesario acudir a él como la fuente\nmás clara de la doctrina para así conocerla\nincontaminada y evitar el contagio reformista. Y\navalorar esta edición con el ensayo de Antonio\nLabriola es acompañarla del pensamiento de uno\nde los más hondos y sagaces expositores del\nmarxismo.\nM. P.\nALBERT\nI.\nNOTA.– Se han publicado dos nuevas\nediciones castellanas mientras ésta estaba en\nprensa. Una, hecha en París por la Biblioteca\nMarxista, se anunció como la \"primera edición\nfundamental de esta obra en lengua\nespañola\", y no es más que una copia, con\nleves modificaciones, de la de García Quejido.\nLa obra tiene el mérito de ser traducida del\nalemán, con notas muy extensas de Riazánof,\ncon el nuevo ensayo de Labriola y varios\napéndices. En cuanto a interpretación, su\ntexto no difiere en nada del presente.\nI\nPREFACIOS\nLa Liga de los Comunistas, Sociedad obrera\ninternacional que no podía vivir sino en secreto,\ndadas las condiciones de la época, encargó a los\nque suscriben, delegados al Congreso celebrado\nen Londres en 1847, que redactaran y publicaran\nun programa detallado del Partido, a la vez\nteórico y práctico. Tal es el origen de este\nManifiesto, cuyo manuscrito fue enviado a\nLondres para su impresión algunas semanas antes\nde la revolución de Febrero. Publicado primero\nen alemán, se han hecho en este idioma lo menos\ndoce ediciones diferentes en Alemania, Inglaterra\ny América. Ha aparecido en inglés en Londres en\nl850, en el \"Red Republican\", traducido por la\nseñorita Elena Macfarlane, y en 1871 se han\nhecho al menos tres traducciones diferentes en\nAmérica. Apareció en francés en París algún\ntiempo antes de la insurrección de junio de 1848,\ny recientemente en \"L’Socialiste\", de Nueva York.\nSe prepara en este momento otra edición. Hízose\nen Londres una edición en polaco poco tiempo\ndespués de la primera edición alemana, En\nGinebra apareció en ruso algunos años después\nde 1860. Ha sido traducido al danés a poco de su\npublicación original.\nAunque las condiciones hayan cambiado\nmucho en los últimos veinticinco años, los\nprincipios generales expuestos en este Manifiesto\nconservan en conjunto todavía la mayor\nexactitud. Algunos puntos deberían ser retocados.\nEl mismo Manifiesto explica que la aplicación de\nlos principios dependerá siempre y en todo caso\nde las circunstancias históricas existentes, y que,\npor tanto, no debe darse mucha importancia a las\nmedidas revolucionarias enumeradas al final del\ncapitulo II. Este pasaje sería redactado hoy de\nmuy distinta manera en más de un punto. Dado el\ndesenvolvimiento colosal de la grande industria\nen los últimos veinticinco años, y la organización\nde 1a clase obrera en partido, que se desenvuelve\nparalelamente; dadas las experiencias, primero, de\nla revolución de Febrero, y después, sobre todo,\nde la Comuna de París, que eleva por 1a primera\nvez al proletariado, durante dos meses, al Poder\npolítico, este programa está envejecido en ciertos\npuntos. La Comuna ha demostrado\nprincipalmente que \"no basta con que la clase\nobrera se apodere de la máquina del Estado para\nhacerla servir a sus propios fines\". (Véase \"La\nguerra civil en Francia\", notabilísimo Manifiesto\ndel Consejo General de la Asociación\nInternacional de los Trabajadores, donde esta idea\nestá más extensamente desarrollada). Además,\nevidente mente, la crítica de la literatura socia1i sta\nes en estos momentos incompleta, pues sólo llega\na 1847, y al propio tiempo, si las observaciones\nque se hacen sobre la posición de los comunistas\nante los diferentes partidos de oposición\n(capítu1o IV) son exactas todavía en sus trazos\ngenerales, están envejecidas en detalle, pues la\nsituación política ha cambiado completamente y\nla evolución histórica ha hecho desaparecer a la\nmayoría de los partidos que se enumeran. Sin\nembargo, el Manifiesto es un documento\nhistórico: que no tenemos derecho a modificar.\nUna edición posterior quizá sea precedida de una\nintroducción que pueda llenar la laguna entre\n1847 y hoy; la actual reimpresión ha sido\ndemasiado rápida para poder escribirla.\nCARLOS MARX FEDERICO ENGELS\nLondres, 24 de junio de 1872.\nII\nEL MANIFIESTO COMUNISTA\nDesgraciadamente, tengo que firmar solo\nel prefacio de esta edición. Marx, el hombre a\nquien la clase obrera de Europa y América\ndebe más que a ningún otro, Marx reposa al\npresente en el cementerio de Highgate y\nsobre su tumba verdea ya el primer césped.\nDespués de su muerte no es ocasión de\nrehacer o de completar el Manifiesto. Creo,\npues, necesario recordar aquí explícitamente\nlo que sigue.\nLa idea fundamental e íntima del Manifiesto –\na saber: que la producción económica y la\nestructura social que resulta forman\nindefectiblemente, en cada época histórica, la base\nde la historia política e intelectual de esta época ;\nque, por consecuencia (después de la desaparición\nde la primitiva propiedad común del suelo), toda\nla historia ha sido una historia de luchas de clase s,\nde luchas entre las clases explotadas y las clases\nexplotadoras, entre las clases dominadas y las\nclases dominantes, en los diferentes estados de su\ndesenvolvimiento histórico; pero que esa lucha\natraviesa actualmente una etapa en que la clase\nexplotada y oprimida (el proletariado) no puede\nemanciparse de la clase que la explota y oprime\nsin emancipar al propio tiempo, y para siempre, a\ntoda la sociedad de la explotación, de la opresión\ny de las luchas de clases, – esta idea fundamental\npertenece única y exclusivamente a Marx. Lo he\ndeclarado a menudo; pero al presente es preciso\nque esta declaración figure a la cabeza del\nManifiesto.\nF. ENGELS. Londres, 26 de junio de 1883.\nIII\nDespués de escrito lo que precede ha sido\nnecesaria una nueva edición alemana del\nManifiesto, e interesa recordar aquí los\nacontecimientos con él relacionados. Una\nsegunda traducción rusa – por Vera\nZassulitch – apareció en Ginebra en 1882;\nMarx y yo redactamos el prefacio.\nDesgraciadamente, he perdido el manuscrito\nalemán original, y debo retraducir del ruso; lo\nque no es de ningún beneficio para el texto.\n\"La primera edición rusa del MANIFIESTO\nDEL PARTIDO COMUNISTA, traducido por\nBakunin, apareció después de 1860 en la\nimprenta del \"Kolokol. En ese momento, una\nedición rusa de esta obra tenía tanto más que\npara el Occidente la importancia de una\ncuriosidad literaria. Ahora no es lo mismo.\nCuan reducido era el terreno de acción del\nmovimiento proletario en el momento de la\naparición del Manifiesto (enero de l848) es lo\nque resalta bien del último capítulo: Posición\nde los comunistas ante los diferentes partidos\nde oposición. Rusia y los Estados Unidos,\nespecialmente, no fueron mencionados. Era\nel momento en que Rusia formaba la última\ngran reserva de la reacción europea y en que\nla emigración a los Estados Unidos absorbía\nel total exceso de las fuerzas del proletariado\nde Europa. Estos dos países proveían a\nEuropa de primeras materias y le ofrecían al\npropio tiempo mercado para la venta de sus\nproductos industriales. Los dos servían, pues,\nde una y otra manera, de contrafuerte a la\norganización social de Europa.\n\"¡Cuán cambiado está todo! Precisamente\nla emigración europea ha hecho posible el\ncolosal desenvolvimiento de la agricultura en\nAmérica del Norte, cuya competencia ha\nconmovido en sus cimientos a la grande y\npequeña propiedad territorial de Europa.. Es\nella la que ha dado a los Estados Unidos,\nsimultáneamente, la facultad de emprender la\nexplotación de sus grandes recursos\nindustriales, con energía y medida tales que\nel monopolio industrial de la Europa\nOccidental desaparecerá rápidamente. Estas\ndos circunstancias repercuten a su vez sobre\nla misma América. La pequeña y la media\npropiedad campesina, piedra angular de la\norganización política de América, desaparece\nde continuo bajo la concurrencia de las\nexplotaciones agrícolas gigantescas, mientras\nque en la industria se forma por la primera\nvez un numeroso proletariado al lado de una\nfabulosa concentración de capital.\n\"Pasemos a Rusia. Al producirse la revolución\nde 1848- 49, los monarcas de Europa, así como la\nburguesía veían en la intervención rusa el único\nmedio de salvación contra el proletariado, que\nempezaba a tener conciencia de su fuerza.\nHicieron del zar el jefe de la reacción europea.\nAhora es en Gatchina, el prisionero de guerra de\nla Revolución, y Rusia está en la vanguardia del\nmovimiento revolucionario de Europa. \"El\nMANIFIESTO COMUNISTA se propuso\nproclamar la desaparición próxima e inevitable de\nla propiedad burguesa. Pero en Rusia, al lado del\ncapitalismo, que se desarrolla febrilmente, y de la\npropiedad territorial burguesa en vías de\nformación, más de la mitad del suelo es propiedad\ncomún de los campesinos.\n\"Se trato, entonces, de saber si la\ncomunidad rural rusa, forma ya muy\ndesnaturalizada de la primitiva propiedad\ncomún del suelo, pasará directamente a una\nforma comunista superior de la propiedad\nterritorial, o bien si debe seguir desde luego\nel mismo proceso de disolución que ha\nsufrido en el desenvolvimiento histórico de\nOccidente.\n\"La única respuesta que se puede dar hoy\na esta cuestión es la siguiente: si la\nrevolución rusa da la señal de una revolución\nobrera en occidente, y las dos se completan,\nla propiedad común actual de Rusia podrá\nservir de punto de partida a una revolución\ncomunista.\n\"Londres, 21 de\nenero de 1882.\"\nUna nueva traducción polaca apareció\nhacia esa época en Ginebra: MANIFEST\nKOMMUNISTYCZNY.\nDespués, una nueva traducción danesa ha\naparecida en la \"Socialdemokratik Bibliothek\",\nCopenhague, l885. Desgraciadamente, no\nestá completa; algunos pasajes esenciales,\nque parecen haber detenido al traductor, han\nsido omitidos, y aquí y allá se notan trazas de\nnegligencia que son tanto más lamentables\ncuanto que se ve por el resto que la\ntraducción habría podido ser excelente con un\npoco más de cuidado.\nEn 1886 aparece una nueva traducción\nfrancesa en \"Le Socialiste, de París; es hasta\nahora la mejor.\nDespués de ésta ha aparecido en el mismo\naño una versión española, primero en \"El\nSocialista\" y luego en folleto: MAMIFIESTO\nDEL PARTIDO COMUNISTA, Madrid.\nA título de curiosidad diré que en 1887 fue\nofrecido a un editor de Constantinopla el\nmanuscrito de una traducción armenia; el\nexcelente hombre no tuvo el valor de\nimprimir un folleto sobre el cual figuraba el\nnombre de Marx, y pensó que sería preferible\nque el traductor apareciese como autor; lo\nque éste se negó a hacer.\nDespués han sido reimpresas diferentes\nveces en Inglaterra ciertas traducciones\namericanas más o menos inexactas, y por fin\nuna traducción auténtica ha aparecido en\n1888. Esta es debida a mi amigo Samuel\nMoore, y ha sido revisada por los dos antes\nde su impresión. Lleva por titulo: MANIFESTO\nOF THE COMMUNIST PARTY, Londres. Yo he\nreproducido en la presente. edición algunas\nnotas de esa traducción inglesa.\nEl Manifiesto tiene vida propia. Recibido\ncon entusiasmo en el momento de su\naparición por la vanguardia poco numerosa\ndel socialismo científico (como lo prueban las\ntraducciones citadas en el primer prefacio),\nfue pronto relegado al olvido por la reacción\nque siguió a la derrota de 1os obreros\nparisinos en junio de 1848 y proscrito \"por\nley\" a consecuencia de la condena de los\ncomunistas de Colonia en noviembre de\n1852. Como el movimiento obrero que se\ninició con la revolución de Febrero, el\nManifiesto también desaparece de la escena\npolítica.\nCuando la clase obrera europea hubo\nrecuperado las fuerzas para un nuevo asalto\ncontra el poderío de las clases dominantes, nació\nla Asociación Internacional de los Trabajadores.\nEsta tenía por objeto reunir en un inmenso\nejército a toda la clase obrera de Europa y\nAmérica. No podía, pues, partir de los principios\nexpuestos en el Manifiesto. Debía darse un\nprograma que no cerrara la puerta a las \"Trade-\nUnions\" (Uniones industriales inglesas), a los\nprudonianos franceses, belgas, italianos y\nespañoles ni a los lasalianos alemanes.\nEste programa – el preámbulo de los Estatutos\nde la Internacional – fue redactado por Marx con\nuna maestría que fue reconocida hasta par\nBakunin y los anarquistas. Para la victoria\ndefinitiva de las proposiciones insertas en el\nManifiesto, Marx se remitía únicamente al\ndesarrollo intelectual de la clase obrera que debía\nresultar de la comunidad de acción y de discusión.\nLos acontecimientos y las vicisitudes de la lucha\ncontra el capital, las derrotas más todavía que los\néxitos, no podían dejar de hacer sentir a los\ncombatientes la insuficiencia de todas sus\npanaceas y de tornarlos capaces de penetrar hasta\nlas verdaderas condiciones de la emancipación\nobrera, Marx tenía razón. La clase obrera de 1874,\ndespués de la disolución de la Internacional, era\ndiferente de la de l864, en el momento de su\nfundación. El prudonismo de los países latinos y\nel lasalismo propiamente dicho en Alemania\nestaban en la agonía, y las mismas Uniones\nindustriales inglesas, entonces ultraconservadoras,\nse acercaban poco a poco al momento en que el\npresidente del Congreso de Swansea, en 1887,\npudiera decir en su nombre: \"El socialismo\ncontinental ha dejado de ser para nosotros un\nespantajo\". Pero el socialismo continental casi\nestaba identificado en 1887 con la teoría\nformulada en el Manifiesto. Y así la historia del\nManifiesto refleja hasta cierto punto la historia d el\nmovimiento obrero moderno desde 1848.\nActualmente es, sin duda, la obra más extendida,\nla más internacional de toda la literatura socialis ta,\nel programa común de millones de obreros de\ntodos los países, de Siberia a California.\nY sin embargo, cuando apareció no\npudimos titularle Manifiesto \"socialista\". En\n1847 se comprendía bajo este nombre de\nsocialista dos géneros de personas. De un\nlado, los partidarios de diferentes sistemas\nutópicos, especialmente los owenistas en\nInglaterra y los furieristas en Francia, que no\neran ya unos y otros sino simples sectas\nagonizantes. De otra parte, los múltiples\ncuranderos que querían, con sus panaceas\nvariadas y con toda suerte de remiendos,\nsuprimir las miserias sociales sin tocar el\ncapital y el interés. En ambos casos, agentes\nque vivían fuera del movimiento obrero y que\nbuscaban más bien apoyo cerca de las clases\n\"instruidas\". Al contrario, esa parte de los\nobreros que, convencida de la insuficiencia de\nlos simples trastornos políticos, quería una\ntransformación fundamental de la sociedad se\nllamaba entonces \"comunista\". Era un\ncomunismo apenas elaborado, muy instintivo,\na veces un poco grosero; pero fue asaz\npujante para producir dos sistemas de\ncomunismo: en Francia, la \"Icaria\", de Cabet,\ny en Alemania, el de Weitling. El socialismo\nrepresentaba en 1847 un movimiento\nburgués; el comunismo, un movimiento\nobrero. El socialismo era, al menos en el\nContinente, un pasatiempo mundano; el\ncomunismo era otra cosa. Y como nosotros\nopinábamos por entonces muy claramente\nque \"la emancipación de los trabajadores\ndebe ser obra de los trabajadores mismos\",\nno pudimos vacilar un instante sobre la\ndenominación que escogeríamos. Después no\nse nos ha ocurrido jamás modificarla.\n\"Proletarios de todos los países, ¡uníos!\". Sólo\nalgunas voces nos respondieron cuando lanzamos\nestas palabras por el mundo, hace ya cuarenta y\ndos años, en vísperas de la primera revolución\nparisiense, en la cual el proletariado se\ninsurreccionó en nombre de sus propias\nreivindicaciones. Mas el 28 de setiembre de 1864\nlos proletarios de la mayoría de los países de la\nEuropa Occidental se reunieron en la Asociación\nInternacional de los Trabajadores, de gloriosa\nmemoria. La Internacional no vivió sino nueve\naños; pero los lazos que ella estableció entre los\nproletarios de todos los países subsisten todavía, y\nno hay mejor prueba que la jornada de este día.\nEn el momento en que escribo estas líneas el\nproletariado de Europa y América pasa revista a\nsus fuerzas, por la primera vez movilizadas en un\nsolo ejército, bajo la misma bandera y para un\nobjetivo inmediato: la fijación legal de la jornada\nnormal de ocho horas, proclamada ya en 1866\npor el Congreso de la Internacional celebrado en\nGinebra y de nuevo por el Congreso obrero de\nParís en 1889. El espectáculo de hoy demostrará a\nlos capitalistas y a los propietarios territoriales de\ntodas las naciones que, en efecto, los proletarios\nde todos los países están unidos.\n¡Qué Marx no esté a mi lado para verlo con\nsus propios ojos!\nF. Engels. Londres,\n1° de mayo de 1890.\nMANIFIESTO\nUn fantasma recorre Europa: el fantasma\ndel comunismo. Todas las potencias de la\nvieja Europa se han unido en una Santa\nAlianza para acorralar a ese fantasma: el\nPapa y el Zar, Metternich y Guizot, los\nradicales de Francia y los polizontes de\nAlemania.\n¿Qué oposición no ha sido acusada de\ncomunismo por sus adversarios en el Poder?\n¿Qué oposición, a su vez, no ha lanzado a\nsus adversarios de derecha o izquierda el\nepíteto zahiriente de comunista?\nDe aquí resulta una doble enseñanza:\nl° El comunismo está reconocido como una\nfuerza por todas las potencias de Europa, y\n2° Ha llegado el momento de que los\ncomunistas expongan a 1a faz del mundo su\nmanera de ver, sus fines y sus tendencias; que\nopongan a la leyenda del fantasma del\ncomunismo un manifiesto del partido. Con este\nobjeto, comunistas de diversas nacionalidades se\nhan reunido en Londres y han redactado el\nManifiesto siguiente, que será publicado en inglés,\nfrancés, alemán, italiano, flamenco y danés,\nI BURGUESES Y PROLETARIOS\nLa historia de toda sociedad hasta\nnuestros días no ha sido sino la historia de las\nluchas de clases.\nHombres libres y esclavos, patricios y\nplebeyos, nobles y siervos, maestros jurados\ny compañeros; en una palabra, opresores y\noprimidos, en lucha constante, mantuvieron\nuna guerra ininterrumpida, ya abierta, ya\ndisimulada; una guerra que termina siempre,\nbien por una transformación revolucionaria de\nla sociedad, bien por la destrucción de las dos\nclases antagónicas.\nEn las primitivas épocas históricas\ncomprobamos por todas partes una división\njerárquica de la sociedad, una escala gradual\nde condiciones sociales. En la antigua Roma\nhallamos patricios, caballeros, plebeyos y\nesclavos; en la Edad Media, señores,\nvasallos, maestros, compañeros y siervos, y\nen cada una de estas clases gradaciones\nparticulares.\nLa sociedad burguesa moderna, levantada\nsobre las ruinas de la sociedad feudal, no ha\nabolido los antagonismos de clases. No ha\nhecho sino sustituir con nuevas clases a las\nantiguas, con nuevas condiciones de\nopresión, con nuevas formas de lucha.\nSin embargo, el carácter distintivo de\nnuestra época, de la época de la burguesía,\nes haber simplificado los antagonismos de\nclases. La sociedad se divide cada vez más en\ndos grandes campos opuestos, en dos clases\nenemigas: la burguesía y el proletariado.\nDe los siervos de la Edad Media nacieron\nlos componentes de los primeros Municipios;\nde esta población municipal salieron los\nelementos constitutivos de la burguesía.\nEl descubrimiento de América y la\ncircunnavegación del Africa ofrecieron a la\nburguesía naciente un nuevo campo de\nactividad. Los mercados de la India y de la\nChina, la colonización de América, el\ncomercio colonial, la multiplicación de los\nmedios de cambio y de mercancías,\nimprimieron un impulso hasta entonces\ndesconocido al comercio, a la navegación, a\nla industria, y aseguraron, en consecuencia,\nun desarrollo rápido al elemento\nrevolucionario de la sociedad feudal en\ndecadencia. La antigua manera de producir\nno podía satisfacer las necesidades,\ncrecientes con la apertura de nuevos\nmercados. El oficio, rodeado de privilegios\nfeudales, fue reemplazado por la\nmanufactura. La pequeña burguesía industrial\nsuplantó a los gremios; la división del trabajo\nentre las diferentes corporaciones\ndesapareció ante la división del trabajo en el\nseno del mismo taller.\nPero los mercados se engrandecían sin\ncesar; 1a demanda crecía siempre. También\nla manufactura resultó insuficiente; la\nmáquina y el vapor revolucionaron entonces\nla producción industrial. La gran industria\nmoderna suplantó a la manufactura; la\npequeña burguesía manufacturera cedió su\npuesto a los industriales millonarios – jefes\nde ejércitos completos de trabajadores– a los\nburgueses modernos.\nLa gran industria ha creado el mercado\nuniversal, preparado por el descubrimiento de\nAmérica. El mercado mundial aceleró\nprodigiosamente el desarrollo del comercio,\nde la navegación, de todos los medios de\ncomunicación. Este desarrollo reaccionó a su\nvez sobre la marcha de la industria, y a\nmedida que la industria, el comercio, la\nnavegación, los ferrocarriles se desarrollaban,\nla burguesía se engrandecía, decuplicando\nsus capitales y relegando a segundo término\nlas clases transmitidas por la Edad Media.\nLa burguesía, como vemos, es también\nproducto de un largo desenvolvimiento, de\nuna serie de revoluciones en los medios de\nproducción y de comunicación.\nCada etapa de la evolución recorrida por la\nburguesía ha estado acompañada de un progreso\npolítico correspondiente. Clase oprimida por el\ndespotismo feudal; Asociación armada\ngobernándose a sí misma en el Municipio; en\nunos sitios, República municipal; en otros, tercer\nestado contributivo de la Monarquía; después,\ndurante el período manufacturero, contrapeso de\nla nobleza en las Monarquías limitadas o\nabsolutas, piedra angular de las grandes\nMonarquías, la burguesía, después del\nestablecimiento de la gran industria y del mercado\nuniversal, se apodera finalmente del Poder\npolítico\n– con exclusión de las otras clases – en el\nEstado representativa moderno. El Gobierno\nmoderno no es sino un Comité administrativo de\nlos negocios de la clase burguesa.\nLa burguesía ha ejercido en la Historia una\nacción esencialmente revolucionaria. Allí\ndonde ha conquistado el Poder ha pisoteado\nlas relaciones feudales, patriarcales e idílicas.\nTodas las ligaduras multicolores que unían el\nhombre feudal a sus superiores naturales las\nha quebrantado sin piedad para no dejar\nsubsistir otro vínculo entre hombre y hombre\nque el frío interés, el duro pago al contado.\nHa ahogado el éxtasis religioso, el\nentusiasmo caballeresco, el sentimentalismo\ndel pequeño burgués en las aguas heladas del\ncálculo egoísta. Ha hecho de la dignidad\npersonal un simple valor de cambio. Ha\nsustituido las numerosas libertades, tan\ndolorosamente conquistadas, con la única e\nimplacable libertad de comercio. En una\npalabra, en lugar de la explotación velada por\nilusiones religiosas y políticas, ha establecido\nuna explotación abierta, directa, brutal y\ndescarada.\nLa burguesía ha despojado de su aureola a\ntodas las profesiones hasta entonces\nreputadas de venerables y veneradas. Del\nmédico, del jurisconsulto, del sacerdote, del\npoeta, del sabio, ha hecho trabajadores\nasalariados.\nLa burguesía ha desgarrado el velo de\nsentimentalidad que encubría las relaciones\nde familia y las ha reducido a simples\nrelaciones de dinero.\nLa burguesía ha demostrado cómo la\nbrutal manifestación de la fuerza en la Edad\nMedia, tan admirada por la reacción,\nencuentra su complemento natural en la más\nlamentable pereza; pero es también la que\nprimero ha probado lo que puede realizar la\nactividad humana: ha creado maravillas muy\nsuperiores a 1as pirámides egipcias, a los\nacueductos romanos y a las catedrales\ngóticas, y ha dirigido expediciones superiores\na las invasiones y a las Cruzadas.\nLa burguesía no existe sino a condición de\nrevolucionar incesantemente los instrumentos\nde trabajo, es decir, todas las relaciones\nsociales. La persistencia del antiguo modo de\nproducción era, por el contrario, la primera\ncondición de existencia de todas las clases\nindustriales precedentes. Este cambio\ncontinuo de los modos de producción, este\nincesante derrumbamiento de todo el sistema\nsocial, esta agitación y esta inseguridad\nperpetuas distinguen a la época burguesa de\ntodas las anteriores. Todas las relaciones\nsociales tradicionales y consolidadas, con su\ncortejo de creencias y de ideas admitidas y\nveneradas, quedan rotas: las que las\nreemplazan caducan antes de haber podido\ncristalizar. Todo lo que era sólido y estable es\ndestruido; todo lo que era sagrado es\nprofanado, y los hombres se ven forzados a\nconsiderar sus condiciones de existencia y\nsus relaciones recíprocas con desilusión.\nImpulsada por la necesidad de mercados\nsiempre nuevos, la burguesía invade el\nmundo entero. Necesita penetrar por todas\npartes, establecerse en todos los sitios, crear\npor doquier medios de comunicación.\nPor la explotación del mercado universal,\nla burguesía da un carácter cosmopolita a la\nproducción de todos los países. Con gran\nsentimiento de los reaccionarios, ha quitado a\nla industria su carácter nacional. Las antiguas\nindustrias nacionales son destruidas o están a\npunto de serlo. Han sido suplantadas por\nnuevas industrias, cuya introducción entraña\nuna cuestión vital para todas 1as naciones\ncivilizadas: industrias que no emplean\nmaterias primas indígenas, sino materias\nprimas venidas de las regiones más alejadas,\ny cuyos productos se consumen, no sólo en el\npropio país sino en todas las partes del globo.\nEn lugar de las antiguas necesidades,\nsatisfechas con productos nacionales, nacen\nnecesidades nuevas, reclamando para su\nsatisfacción productos de los lugares más\napartados y de los climas más diversos. En\nlugar del antiguo aislamiento de las naciones\nque se bastaban a sí mismas, se desenvuelve\nun trafico universa1, una interdependencia de\nlas naciones. Y esto, que es verdad para la\nproducción material, se aplica a la producción\nintelectua1. Las producciones intelectuales de\nuna nación advienen propiedad común en\ntodas. La estrechez y el exclusivismo\nnacionales resultan de día en día más\nimposibles; de todas las literaturas nacionales\ny locales se forma una literatura universal.\nPor el rápido desenvolvimiento de los\ninstrumentos de producción y de los medios\nde comunicación, la burguesía arrastra la\ncorriente de la civilización hasta las más\nbárbaras naciones. La baratura de sus\nproductos es la gruesa artillería que bate en\nbrecha todas las murallas de la China y hace\ncapitular a los salvajes más fanáticamente\nhostiles a los extranjeros. Bajo pena de\nmuerte, obliga a todas las naciones a adoptar\nel modo burgués de producción, las constriñe\na introducir la titulada civilización; es decir, a\nhacerse burguesas. En una palabra: se forja\nun mundo a su imagen.\nLa burguesía ha sometido el campo a la\nciudad. Ha creado urbes inmensas; ha\naumentado prodigiosamente la población de\nlas ciudades a expensas de la de 1os campos,\ny así ha sustraído una gran parte de la\npoblación al idiotismo de la vida rural. De1\nmismo modo que ha subordinado el campo a\nla ciudad, las naciones bárbaras o\nsemibárbaras a las naciones civi1izadas, ha\nsubordinado los países de agricultores a los\npaíses de industriales. el Oriente al\nOccidente.\nLa burguesía suprime cada vez más el\ndesparramo de los medios de producción, de\nla propiedad y de la población. Ha\naglomerado la población, centralizado los\nmedios de producción y concentrado la\npropiedad en un pequeño número de manos.\nLa consecuencia fatal de estos cambios ha\nsido la centralización política. Las provincias\nindependientes, ligadas entre sí por lazos\nfeudales, pero teniendo intereses, leyes,\ngobiernos y tarifas aduaneras diferentes, han\nsido reunidas en una sola nación, bajo un\nsolo Gobierno, una sola ley, un solo interés\nnacional de clase, una sola tarifa aduanera.\nLa burguesía, desde su advenimiento,\napenas hace un siglo, ha creado fuerzas\nproductivas más variadas y colosales que\ntodas las generaciones pasadas tomadas en\nconjunto. La subyugación de las fuerzas\nnaturales, las máquinas, la aplicación de la\nquímica a la industria y a la agricultura, la\nnavegación a vapor, los ferrocarriles, los\ntelégrafos eléctricos, la roturación de\ncontinentes enteros, la canalización de los\nríos, las poblaciones surgiendo de la tierra\ncomo por encanto, ¿qué siglo anterior había\nsospechado que semejantes fuerzas\nproductivas durmieran en el seno del trabajo\nsocia1?\nHe aquí, pues, lo que nosotros hemos\nvisto: los medios de producción y de cambio,\nsobre cuya base se ha formado la burguesía,\nfueron creados en las entrañas de la sociedad\nfeudal. A un cierto grado de desenvolvimiento\nde los medios de producción y de cambio, las\ncondiciones en que la sociedad feudal\nproducía y cambiaba, toda la organización\nfeudal de la industria y de la manufactura, en\nuna pa1abra, 1as relaciones feudales de\npropiedad, cesaron de corresponder a las\nnuevas fuerzas productivas. Dificultaban la\nproducción en lugar de acelerarla. Se\ntransformaron en otras tantas cadenas. Era\npreciso romper esas cadenas, y se rompieron.\nEn su lugar se estableció la libre\nconcurrencia, con una constitución social y\npolítica correspondiente, con la dominación\neconómica y política de la clase burguesa.\nA nuestra vista se produce un movimiento\nanálogo. Las condiciones burguesas de\nproducción y de cambio, el régimen burgués\nde la propiedad, toda esta sociedad burguesa\nmoderna, que ha hecho surgir tan potentes\nmedios de producción y de cambio, semeja al\nmago que no sabe dominar las potencias\ninfernales que ha evocado. Después de\nalgunas décadas, la historia de la industria y\ndel comercio no es sino la historia de la\nrebelión de las fuerzas productivas contra las\nrelaciones de propiedad que condicionan la\nexistencia de la burguesía y su dominación.\nBasta mencionar las crisis comerciales, que\npor su retorno periódico ponen cada vez más\nen entredicho la existencia de la sociedad\nburguesa. Cada crisis destruye regularmente,\nno sólo una masa de productos ya creados,\nsino, todavía más, una gran parte de las\nmismas fuerzas productivas. Una epidemia\nque en cualquier otra época hubiera parecido\nuna paradoja, se extiende sobre la sociedad:\nla epidemia de la superproducción. La\nsociedad se encuentra súbitamente\nrechazada a un estado de barbarie\nmomentáneo; diríase que un hambre, una\nguerra de exterminio, la priva de todos sus\nmedios de subsistencia; la industria y el\ncomercio parecen aniquilados. ¿Y porqué?\nPorque la sociedad tiene demasiada\ncivilización, demasiados medios de\nsubsistencia, demasiada industria, demasiado\ncomercio. Las fuerzas productivas de que\ndispone no favorecen ya el desarrollo de la\npropiedad burguesa; al contrario, han\nresultado tan poderosas, que constituyen de\nhecho un obstáculo, y cada vez que 1as\nfuerzas productivas sociales salvan este\nobstáculo precipitar en el desorden a la\nsociedad entera y amenazan la existencia de\nla propiedad burguesa. El sistema burgués\nresulta demasiado estrecho para contener las\nriquezas creadas en su seno. ¿Cómo supera\nestas crisis la burguesía? De una parte, por la\ndestrucción violenta de una masa de fuerzas\nproductivas; de otra, por la conquista de\nnuevos mercados y la explotación más\nintensa de los antiguos. ¿A qué conduce esto?\nA preparar crisis más generales y más\nformidables y a disminuir los medios de\nprevenirlas.\nLas armas de que se sirvió la burguesía\npara derribar al feudalismo se vuelven ahora\ncontra ella. Pero la burguesía no ha forjado\nsolamente las armas que deben darle\nmuerte; ha producido también los hombres\nque manejan esas armas: los obreros\nmodernos, los proletarios.\nCon el desenvolvimiento de la burguesía,\nes decir, del capital, se desarrolla el\nproletariado, la clase de los obreros\nmodernos, que no viven sino a condición de\nencontrar trabajo y que no lo encuentran si\nsu trabajo no acrecienta el capita1. Estos\nobreros, obligados a venderse diariamente,\nson una mercancía como cualquier artículo de\ncomercio; sufren, por consecuencia, todas las\nvicisitudes de la competencia, todas las\nfluctuaciones del mercado.\nLa introducción de las máquinas y la\ndivisión del trabajo, despojando a la labor del\nobrero de todo carácter individual, le ha\nhecho perder todo atractivo. El productor\nresulta un simple apéndice de la máquina; no\nse exige de él sino la operación más simple,\nmás monótona, más rápida. Por\nconsecuencia, 1o que cuesta hoy día el\nobrero se reduce poco más o menos a los\nmedios de sostenimiento de que tiene\nnecesidad para vivir y perpetuar su raza.\nSegún eso, el precio del trabajo, como el de\ntoda mercancía, es igual a su coste de\nproducción. Por consiguiente, cuanto más\nsencillo resulta e1 trabajo más bajan los\nsalarios. Además, la suma de trabajo se\nacrecienta con el desenvolvimiento del\nmaquinismo y de la división del trabajo, sea\npor la prolongación de la jornada, sea por la\naceleración del movimiento de las máquinas\ny, por tanto, del rendimiento exigido en un\ntiempo dado.\nLa industria moderna ha transformado el\npequeño taller patriarcal en la gran fábrica\ndel burgués capitalista. Masas de obreros,\namontonados en la fábrica, están organizados\nmilitarmente. Son como simples soldados de\nla industria, colocados bajo la vigilancia de\nuna jerarquía completa de oficiales y\nsuboficiales. No son solamente esclavos de la\nclase burguesa, del Estado burgués, sino\ndiariamente, a todas horas, esclavos de la\nmáquina, del contramaestre y, sobre todo del\nmismo dueño de la fábrica. Cuanto más\nclaramente proclama este despotismo la\nganancia como fin único, más mezquino,\nodioso y exasperante resulta.\nCuanto menos habilidad y fuerza requiere\nel trabajo, es decir, cuanto más progresa la\nindustria moderna, con mayor facilidad es\nsuplantado el trabajo de los hombres por el\nde las mujeres y los niños. Las distinciones\nde edad y sexo no tienen importancia social\npara la clase obrera. No hay más que\ninstrumentos de trabajo, cuyo precio varía\nsegún la edad y el sexo.\nUna vez que e1 obrero ha sufrido la\nexplotación del fabricante y ha recibido su\nsalario en metálico, se convierte en víctima\nde otros elementos de la burguesía: casero,\ntendero, prestamista, etc.\nPequeños industriales, comerciantes y\nrenteros, artesanos y labradores, toda la\nescala inferior de las clases medias de otro\ntiempo, caen en el pro1etariado: de una\nparte, porque sus pequeños capitales no les\npermiten emplear los procedimientos de la\ngran industria y sucumben en la concurrencia\ncon los grandes capitalistas; de otra parte,\nporque su habilidad técnica es anulada por\nlos nuevos modos de producción. De suerte\nque el proletariado se recluta en todas las\nclases de la población.\nEl proletariado pasa por diferentes fases\nde evolución. Su lucha contra la burguesía\ncomienza desde su nacimiento.\nAl principio, la lucha es entablada por\nobreros aislados; enseguida, por los obreros\nde una misma fábrica, y a1 fin, por los\nobreros del mismo oficio de una localidad\ncontra la burguesía que los explota\ndirectamente. No se contentan con dirigir sus\nataques contra el modo burgués de\nproducción, y los dirigen contra los\ninstrumentos de producción: destruyen las\nmercancías extranjeras que les hacen\ncompetencia, rompen las máquinas, queman\nlas fábricas y se esfuerzan en reconquistar la\nposición perdida del artesano de la Edad\nMedia.\nEn este momento del desarrollo, el\nproletariado forma una masa diseminada por todo\nel país y dividida por la competencia. Si alguna\nvez los obreros se unen para obrar, esta acción no\nes todavía la consecuencia de su propia unidad,\nsino la de la burguesía, que para lograr sus fines\npolíticos debe poner en movimiento al\nproletariado, sobre el que tiene todavía el poder\nde hacerlo, Durante esta fase los proletarios no\ncombaten aún a sus propios enemigos, sino a los\nadversarios de sus enemigos; es decir, los residuos\nde la monarquía absoluta, propietarios\nterritoriales, burgueses no industriales, pequeños\nburgueses. Todo el movimiento histórico está de\nesta suerte concentrado en las manos de la\nburguesía; toda victoria alcanzada en estas\ncondiciones es una victoria burguesa.\nLuego, la industria, en su desarrollo, no\nsólo acrecienta el número de proletarios, sino\nque los concentra en masas más\nconsiderables; los proletarios aumentan en\nfuerza y adquieren conciencia de su fuerza.\nLos intereses y las condiciones de existencia\nde los proletarios se igualan cada vez más a\nmedida que la máquina borra toda diferencia\nen el trabajo y reduce casi por todas partes el\nsalario a un nivel igualmente inferior. Por\nconsecuencia de la creciente competencia de\nlos burgueses entre sí y de las crisis\ncomerciales que ocasionan, los salarios\nresultan cada vez más eventuales; el\nconstante perfeccionamiento de la máquina\ncoloca al obrero en más precaria situación;\nlos choques individuales entre el obrero y el\nburgués adquieren cada vez más el carácter\nde colisiones entre dos clases. Los obreros\nempiezan por coligarse contra los burgueses\npara el mantenimiento de sus salarios. Llegan\nhasta formar asociaciones permanentes, en\nprevisión de estas luchas circunstanciales.\nAquí y allá la resistencia estalla en\nsublevación.\nA veces los obreros triunfan; pero es un\ntriunfo efímero. El verdadero resultado de sus\nluchas es menos el éxito inmediato que la\nsolidaridad aumentada de los trabajadores.\nEsta solidaridad es favorecida por el\nacrecentamiento de los medios de\ncomunicación, que permiten a los obreros de\nlocalidades diferentes ponerse en relaciones.\nDespués, basta este contacto, que por todas\npartes reviste el mismo carácter, para\ntransformar las numerosas luchas locales en\nlucha nacional centralizada, en lucha de\nclase. Mas toda lucha de clase es una lucha\npolítica, y la unión que los burgueses de la\nEdad Media, con sus caminos vecinales,\ntardaron siglos en establecer, los proletarios\nmodernos la conciertan en algunos años por\nlos ferrocarriles.\nLa organización del proletariado en clase y,\npor lo tanto, en partido político, es sin cesar\ndestruida por la competencia que se hacen\nlos obreros entre sí. Pero renace siempre, y\nsiempre más fuerte, más firme, más\nformidable. Aprovecha las disensiones\nintestinas de 1os burgueses para obligarles a\ndar garantía legal a ciertos intereses de la\nclase obrera; por ejemplo, la ley de las diez\nhoras en Inglaterra.\nGeneralmente, las colisiones en la vieja\nsociedad favorecen de diversas maneras el\ndesenvolvimiento del proletariado, La\nburguesía vive en un estado de lucha\npermanente; al principio, contra la\naristocracia; después, contra aquellas\nfracciones de la misma burguesía cuyos\nintereses están en desacuerdo con los\nprogresos de la industria, y siempre, en fin,\ncontra la burguesía de los demás países. En\ntodas estas luchas se ve forzada a apelar al\nproletariado, a reclamar su ayuda y también\na arrastrarle al movimiento político. De tal\nmanera la burguesía proporciona a los\nproletarios los rudimentos de su propia\neducación política; es decir, armas contra ella\nmisma.\nAdemás, como acabamos de verlo,\nfracciones enteras de la clase dominante son,\npor la marcha de la industria, precipitadas en\nel proletariado o al menos están amenazadas\nen sus condiciones de existencia. También\naportan al proletariado numerosos elementos\nde progreso.\nFinalmente, cuando la lucha de las clases\nse acerca a la hora decisiva, el proceso de\ndisolución de la clase reinante, de la vieja\nsociedad, adquiere un carácter tan violento y\ntan áspero, que una pequeña fracción de esa\nclase se separa y se adhiere a la clase\nrevolucionaria, a 1a clase que lleva en sí el\nporvenir. Lo mismo que en otro tiempo una\nparte de la nobleza se pasó a la burguesía, en\nnuestros días una parte de la burguesía se\npasa al proletariado, principalmente aquella\nparte de los ideólogos burgueses que han\nllegado a la comprensión teórica del conjunto\ndel movimiento histórico.\nDe todas las clases que actualmente se\nencuentran enfrentadas con la burguesía,\nsólo el proletariado es una clase\nverdaderamente revolucionaria. Las otras\nclases peligran y perecen con la gran\nindustria; el proletariado, al contrario, es su\nproducto más especial.\nLas clases medias, pequeños fabricantes,\ntenderos, artesanos, campesinos, combaten a\nla burguesía porque es una amenaza para su\nexistencia como clases medias. No son, pues,\nrevolucionarias, sino conservadoras; en todo\ncaso son reaccionarias: piden que la Historia\nretroceda. Si se agitan revolucionariamente\nes por temor a caer en el proletariado;\ndefienden entonces sus intereses futuros y no\nsus intereses actuales; abandonan su propio\npunto de vista para colocarse en el del\nproletariado.\nLa canalla de las grandes ciudades, esa\npodredumbre pasiva, esa hez de los más\nbajos fondos de la vieja sociedad, puede ser\narrastrada al movimiento por una revolución\nproletaria; sin embargo, sus condiciones de\nvida la predispondrán más bien a venderse a\nla reacción.\nLas condiciones de existencia de la vieja\nsociedad están ya destruidas en las\ncondiciones de existencia del proletariado. El\nproletariado está sin propiedad; sus\nrelaciones de familia no tienen nada de\ncomún con las de la familia burguesa; el\ntrabajo industrial moderno, que implica 1a\nservidumbre del obrero al capital, lo mismo\nen Inglaterra que en Francia, en América\ncomo en Alemania, despoja al proletariado de\ntodo carácter nacional. Las leyes, la moral, la\nreligión, son para él meros prejuicios\nburgueses, tras de los cuales se ocultan otros\ntantos intereses burgueses.\nTodas las clases que en el pasado se\napoderaron del Poder ensayaron consolidar\nsu adquirida situación sometiendo la sociedad\na su propio medio de apropiación. Los\nproletarios no pueden apoderarse de las\nfuerzas productivas sociales sino aboliendo el\nmodo de apropiación que les atañe\nparticularmente y, por consecuencia, todo\nmodo de apropiación en vigor hasta nuestros\ndías. Los proletarios no tienen nada que\nsalvaguardar que les pertenezca, tienen que\ndestruir toda garantía privada, toda\nseguridad privada existente.\nTodos los movimientos históricos han sido\nhasta ahora realizados por minorías en\nprovecho de minorías. El movimiento\nproletario es el movimiento espontáneo de la\ninmensa mayoría en provecho de la inmensa\nmayoría. El proletariado, capa inferior de la\nsociedad actual, no puede sublevarse,\nenderezarse, sin hacer saltar todas las capas\nsuperpuestas que constituyen la sociedad\noficial.\nLa lucha del proletariado contra la\nburguesía, aunque en el fondo no sea una\nlucha nacional, reviste, sin embargo, al\nprincipio, tal forma. Huelga decir que el\nproletariado de cada país debe acabar antes\nde nada con su propia burguesía. Al\nenumerar a grandes rasgos las fases del\ndesenvolvimiento proletario, hemos trazado\nla historia de la guerra civil más o menos\nlatente que mina la sociedad hasta el\nmomento en que esta guerra estalla en una\nrevolución declarada y en la que el\nproletariado fundará su dominación por el\nderrumbamiento violento de la burguesía.\nTodas las sociedades anteriores, como\nhemos visto, han descansado sobre el\nantagonismo entre clases opresoras y\noprimidas. Mas para oprimir a una clase hace\nfalta al menos poderle garantir condiciones\nde existencia que le permitan vivir en la\nservidumbre. El siervo, en peno régimen\nfeudal, llegaba a miembro del Municipio, lo\nmismo que el pechero llegaba a la categoría\nde burgués bajo el yugo del absolutismo\nfeudal. El obrero moderno, al contrario, lejos\nde elevarse con el progreso de la industria,\ndesciende siempre más; por debajo mismo de\nlas condiciones de vida de su propia clase. El\ntrabajador cae en la miseria, y el pauperismo\ncrece más rápidamente todavía que la\npoblación y la riqueza. Es, pues, evidente que\nla burguesía es incapaz de desempeñar el\npapel de clase dirigente y de imponer a la\nsociedad como ley suprema las condiciones\nde existencia de su clase. No puede mandar\nporque no puede asegurar a su esclavo una\nexistencia compatible con la esclavitud,\nporque está condenada a dejarle decaer\nhasta el punto de que deba mantenerle en\nlugar de hacerse alimentar por él. La\nsociedad no puede vivir bajo su dominación;\nla que equivale a decir que la existencia de la\nburguesía es en lo sucesivo incompatible con\nla de la sociedad.\nLa condición esencial de existencia y de\nsupremacía para la clase burguesa es la\nacumulación de riqueza en manos de particulares,\nla formación y el acrecentamiento del capital; la\ncondición de existencia del capital es el salariado ,\nque reposa exclusivamente sobre la competencia\nde los obreros entre sí. El progreso de la\nindustria, del que la burguesía es agente\ninvoluntario y pasivo, sustituye el aislamiento de\nlos obreros, resultante de la competencia, con su\nunión revolucionaria por medio de la asociación.\nAsí, el desenvolvimiento de la gran industria\nsocava bajo los pies de la burguesía el terreno\nsobre el cual ha establecido su sistema de\nproducción y de apropiación. Ante todo produce\nsus propios sepultureros. Su caída y la victoria de l\nproletariado son igualmente inevitables.\nII PROLETARIOS Y COMUNISTAS\n¿Cuál es la posición de los comunistas ante\nlos proletarios en general?\nLos comunistas no forman un partido\ndistinto, opuesto a los otros partidos obreros.\nNo tienen ningún interés que los separe\ndel conjunto del proletariado.\nNo proclaman principios sectarios sobre los\ncuales quisieran modelar el movimiento\nobrero.\nLos comunistas no se distinguen de los\notros partidos obreros más que en dos\npuntos:\nl° En las diferentes luchas nacionales de\nlos proletarios, ponen por delante y hacen\nvaler los intereses independientes de la\nnacionalidad y comunes a todo el\nproletariado; y\n2° En las diferentes fases de la lucha entre\nproletarios y burgueses representan siempre\ny por todas partes los intereses del\nmovimiento integral.\nPrácticamente, los comunistas son, pues,\nla fracción más resuelta de los partidos\nobreros de todos los países, la fracción que\narrastra a las otras; teóricamente, tienen\nsobre el resto del proletariado la ventaja de\nun concepto claro de las condiciones, de la\nmarcha y de los fines generales del\nmovimiento proletario.\nEl propósito inmediato de los comunistas\nes el mismo que el de todos los partidos\nobreros: constitución de los proletarios en\nclase, destrucción de la supremacía burguesa,\nconquista del poder político por el\nproletariado.\nLas proposiciones teóricas de los\ncomunistas no se fundan de ningún modo en\nideas y principios inventados o descubiertos\npor tal o cual reformador del mundo. No son\nsino la expresión de conjunto de las\ncondiciones reales de una lucha de clases\nexistente, de un movimiento histórico en\nconstante evolución. La abolición de las\nrelaciones de propiedad que han existido\nhasta aquí no es el carácter distintivo del\nComunismo.\nEl régimen de la propiedad ha sufrido\nconstantes cambios, continuas\ntransformaciones históricas.\nLa Revolución francesa, por ejemplo,\nabolió 1a propiedad feudal en provecho de la\npropiedad burguesa. El carácter distintivo del\ncomunismo no es la abolición de la propiedad\nen general, sino la abolición de la propiedad\nburguesa.\nSegún esto, la propiedad privada actual, la\npropiedad burguesa es la última y la más\nperfecta expresión del modo de producción y\nde apropiación basado sobre los\nantagonismos de las clases, sobre la\nexplotación de los unos por los otros.\nEn este sentido los comunistas pueden\nresumir su teoría en esta fórmula única:\nabolición de la propiedad privada.\nSe nos ha reprochado a los comunistas el\nquerer abolir la propiedad personalmente\nadquirida por el trabajo, propiedad que se\nconsidera como la base de toda libertad, de\ntoda actividad, de toda independencia\nindividual.\n¡La propiedad personal fruto del trabajo y\ndel mérito! ¿Se quiere hablar de la propiedad\ndel pequeño burgués, del pequeño labrador,\nforma de propiedad anterior a la propiedad\nburguesa? No tenemos que abolirla: el\nprogreso de la industria la ha abolido o está\nen camino de abolirla.\n¿O se quiere hablar de la propiedad\nprivada actual, de la propiedad burguesa?\n¿Es que el trabajo asalariado crea\npropiedad para el proletario? De ninguna\nmanera. Crea el capital, es decir, la\npropiedad que explota al trabajo asalariado y\nque no puede acrecentarse sino a condición\nde producir más trabajo asalariado a fin de\nexplotarlo de nuevo. En su forma actual, la\npropiedad se mueve entre estos dos términos\nantinómicos: capital y trabajo. Examinemos\nlos dos términos de esta antinomia.\nSer capitalista significa que no sólo se\nocupa una posición personal en la producción,\nsino también una posición social. El capital es\nun producto colectivo; no puede ser puesto\nen movimiento sino por los esfuerzos\ncombinados de muchos miembros de la\nsociedad, y también, en último término, por\nlos esfuerzos combinados de todos los\nmiembros de la sociedad.\nEl capital no es, pues, una fuerza personal;\nes una fuerza social.\nPor consecuencia, cuando el capital sea\ntransformado en propiedad común,\nperteneciente a todos los miembros de la\nsociedad, no es una propiedad personal que\nse cambia en propiedad social. Sólo habrá\ncambiado el carácter social de la propiedad.\nPerderá su carácter de clase.\nLlegamos al trabajo asalariado.\nEl precio medio del trabajo asalariado es el\nmínimo del salario; es decir, la suma de los\nmedios de existencia de que tiene necesidad\nel obrero para vivir como obrero. Por\nconsiguiente, lo que el obrero se apropia por\nsu actividad es estrictamente lo que necesita\npara sostener su mísera existencia y\nreproducirse. No queremos de ninguna\nmanera abolir esta apropiación personal de\nlos productos del trabajo, indispensable a la\nconservación y a la reproducción de la vida\nhumana, esta apropiación, que no deja\nningún beneficio líquido que confiera poder\nsobre el trabajo de otro. Lo que queremos es\nsuprimir ese triste modo de apropiación, que\nhace que el obrero no viva sino para\nacrecentar el capital y no viva sino en tanto\nlo exigen los intereses de la clase dominante.\nEn la sociedad burguesa el trabajo viviente\nno es más que un medio de acrecentar el\ntrabajo acumulado. En la sociedad comunista\nel trabajo acumulado no es más que un\nmedio de prolongar, de enriquecer y de\nhermosear la existencia de los trabajadores.\nEn la sociedad burguesa el pasado domina\nal presente. En la sociedad comunista el\npresente domina al pasado.\nEn la sociedad burguesa el capital es\nindependiente y personal, mientras que el\nindividuo que trabaja está sometido y privado\nde personalidad.\n¡Y es la abolición de semejante estado de\ncosas lo que la burguesía considera como la\nabolición de la individualidad y de la libertad!\nCon razón. Pues se trata efectivamente de\nabolir la individualidad, la independencia y la\nlibertad burguesas. Por libertad, en las\ncondiciones actuales de la producción\nburguesa, se entiende la libertad de\ncomercio, !a libertad de comprar y de vender.\nPero si e1 tráfico desaparece, el libre tráfico\ndesaparece también. Fuera de esto, toda la\npalabrería sobre el libre cambio, lo mismo que\ntodas las fanfarronadas liberales de nuestros\nburgueses, no tienen sentido sino por contraste\ncon el tráfico restringido, con el burgués\nsojuzgado de la Edad Media; no tienen ninguno\ncuando se trata de la abolición por el Comunismo\ndel tráfico, de las relaciones de la producción\nburguesa y de la burguesía misma.\n¡Estáis sobrecogidos de horror porque\nqueremos abolir la propiedad privada! Pero\nen vuestra sociedad la propiedad privada está\nabolida para las nueve décimas partes de sus\nmiembros. Precisamente porque no existe\npara esas nueve décimas partes existe para\nvosotros. Nos reprocháis, pues, el querer\nabolir una forma de propiedad que no puede\nexistir sino a condición de privar a la inmensa\nmayoría de toda propiedad.\nEn una palabra, nos acusáis de querer\nabolir vuestra propiedad. Efectivamente, eso\nes lo que queremos.\nDesde el punto en que el trabajo no pueda\nser convertido en capital, en dinero, en renta\nterritorial; resumiendo, en poder social\nsusceptible de ser monopolizado; es decir,\ndesde el momento en que la propiedad\nindividual no pueda transformarse en\npropiedad burguesa, declaráis que el\nindividuo está suprimido.\nReconocéis, pues, que cuando habláis del\nindividuo no entendéis hablar sino del\nburgués, del propietario. Y este individuo,\nciertamente, debe ser suprimido.\nEl Comunismo no arrebata a nadie la\nfacultad de apropiarse de los productos\nsociales; no quita sino el poder de sojuzgar el\ntrabaja de otro con ayuda de esta\napropiación.\nSe ha objetado aún que con la abolición de\n1a propiedad privada cesaría toda actividad,\nque una pereza general se apoderaría del\nmundo.\nSi así fuese, hace ya mucho tiempo que la\nsociedad burguesa habría sucumbido por la\nholgazanería, puesto que aquellos que\ntrabajan no ganan y los que ganan no\ntrabajan. Toda la objeción se reduce a esta\ntautología; que no hay trabajo asalariado allí\ndonde no hay capital.\nLas acusaciones dirigidas contra el modo\ncomunista de producción y de apropiación de\nlos productos materiales han sido hechas\nigualmente respecto de la producción y de la\npropician del trabajo intelectual. Lo mismo\nque para el burgués la desaparición de la\npropiedad de clase equivale a la desaparición\nde toda producción, la desaparición de la\ncultura de clase significa para él la\ndesaparición de toda cultura.\nLa cultura cuya pérdida deplora no es para\nla inmensa mayoría sino la adaptación al\npapel de máquina.\nMas no discutáis con nosotros mientras\napliquéis a la abolición de la propiedad\nburguesa el sello de vuestras nociones\nburguesas de libertad y de cultura, de\nderecho, etc. Vuestras mismas ideas son\nproducto de las relaciones de producción y de\npropiedad burguesas, como vuestro derecho\nno es sino la voluntad de vuestra clase\nerigida en ley; voluntad cuyo contenido está\ndeterminado por las condiciones materiales\nde existencia de vuestra clase.\nLa concepción interesada que os ha hecho\nerigir en leyes eternas de la Naturaleza y de\nla Razón las relaciones sociales dimanadas de\nvuestro modo de producción y de propiedad –\nrelaciones transitorias que surgen y\ndesaparecen en el curso de la evolución de la\nproducción; – esta concepción la compartís\ncon todas las clases otrora dirigentes y hoy\ndesaparecidas. Lo que concebís para la\npropiedad feudal, no podéis admitirlo para la\npropiedad burguesa.\n¡Querer abolir la familia! Hasta los más\nradicales se indignan de este infame designio\nde los comunistas. ¿Sobre qué base descansa\nla familia burguesa en nuestra época? Sobre\nel capital, el provecho individual. En su\nplenitud, la familia no existe sino para la\nburguesía, que encuentra su complemento en\nla supresión forzosa de toda familia para el\nproletario y en la prostitución pública.\nLa familia burguesa se desvanece\nnaturalmente con el desvanecimiento de su\ncomplemento necesario, y una y otra\ndesaparecen con la desaparición del capital.\n¿Nos reprocháis el querer abolir la\nexplotación de los niños por sus familias?\nConfesamos este crimen.\nPero nosotros quebrantamos, decís, los\nlazos más sagrados, sustituyendo la\neducación de la familia por la educación de la\nsociedad.\nY vuestra educación, ¿no está también\ndeterminada por la sociedad, por las\ncondiciones sociales en que educáis a\nvuestros hijos, por la intervención directa o\nindirecta de la sociedad en la escuela, etc.?\nLos comunistas no inventan esta ingerencia\nde la sociedad en la instrucción; no buscan\nsino cambiar el carácter y arrancar la\neducación de la influencia de la clase\ndominante.\nLas declamaciones burguesas sobre la\nfamilia y la educación, sobre los dulces lazos\nque unen al niño con sus familiares, resultan\nmás repugnantes a medida que la gran\nindustria destruye todo vínculo de familia\npara el proletario y transforma a los niños en\nsimples objetos de comercio, en simples\ninstrumentos de trabajo.\nDe la burguesía entera se eleva un clamor:\n¡Vosotros, comunistas, queréis establecer la\ncomunidad de las mujeres!\nPara el burgués su mujer no es otra cosa\nque un instrumento de producción. Oye decir\nque los instrumentos de producción deben ser\npuestos en común, y deduce naturalmente\nque hasta las mujeres pertenecerán a la\ncomunidad.\nNo sospecha que se trata precisamente de\nasignar a la mujer un papel distinto del de\nsimple instrumento de producción.\nNada más grotesco, por otra parte, que el\nhorror ultramoral que inspira a nuestros\nburgueses la pretendida comunidad oficial de\nlas mujeres que atribuyen a los comunistas.\nLos comunistas no tienen necesidad de\nintroducir la comunidad de las mujeres: casi\nsiempre ha existido.\nNuestros burgueses, no satisfechos con\ntener a su disposición las mujeres y las hijas\nde los proletarios, sin hablar de la\nprostitución oficial, encuentran un placer\nsingular en encornudarse mutuamente.\nEl matrimonio burgués es en realidad la\ncomunidad de las mujeres casadas. Todo lo\nmás de que podría acusarse a los comunistas\nsería de querer poner en el lugar de una\ncomunidad de las mujeres hipócritamente\ndisimulada una comunidad franca y oficial. Es\nevidente, por otra parte, que con la abolición\nde las relaciones de producción actuales, de\nlas cuales deriva la comunidad de las\nmujeres, desaparecerá la prostitución oficial y\nprivada.\nAdemás, se acusa a los comunistas de\nquerer abolir la patria, la nacionalidad, Los\nobreros no tienen patria. No se les puede\narrebatar lo que no poseen. Como el\nproletariado de cada país debe en primer\nlugar conquistar el Poder político, erigirse en\nclase nacionalmente directora, constituirse\ncomo nación, es todavía nacional. aunque de\nninguna manera en el sentido burgués.\nLas demarcaciones nacionales y los\nantagonismos entre los pueblos desaparecen\nde día en día con el desenvolvimiento de la\nburguesía, la libertad de comercio y el\nmercado universal, con la uniformidad de 1a\nproducción industrial y as condiciones de\nexistencia que le corresponden.\nEl advenimiento del proletariado los hará\ndesaparecer más deprisa todavía. La acción\ncomún de los diferentes proletariados, al\nmenos en 1os países civilizados, es una de\nlas primeras condiciones de su emancipación.\nAbolid la explotación del hombre por el\nhombre y habréis abolido la explotación de\nuna nación por otra.\nAl mismo tiempo que el antagonismo de\nlas clases en el interior de las naciones,\ndesaparecerá la hostilidad de nación a nación.\nEn cuanto a las acusaciones lanzadas contra\nel comunismo en nombre de la religión, de la\nfilosofía y de la ideología en general, no\nmerecen un examen profundo.\n¿Hay necesidad de una gran perspicacia\npara comprender que los conocimientos, las\nnociones y las concepciones, en una palabra,\nla conciencia del hombre, cambia con toda\nmodificación sobrevenida en las relaciones\nsociales, en la existencia colectiva?\n¿Qué demuestra la historia del\npensamiento sino que la producción\nintelectual se transforma con la producción\nmaterial?\nLas ideas dominantes en una época no han\nsido nunca más que las ideas de la clase\ndominante.\nCuando se habla de ideas que revolucionan\ntotalmente una sociedad se enuncia\nsolamente el hecho de que en el seno de la\nvieja sociedad los elementos de una nueva se\nhan formado y que la disolución de las viejas\nideas marcha a la par con la disolución de las\nantiguas relaciones sociales.\nCuando e1 antiguo mundo estaba\ndeclinando, las viejas religiones fueron\nvencidas por la religión cristiana. Cuando en\nel Siglo XVIII las ideas cristianas cedieron su\npuesto a las ideas filosóficas, la sociedad\nfeudal libraba su última batalla con la\nburguesía, entonces revolucionaria. Las ideas\nde libertad religiosa y de libertad de\nconciencia no hicieron sino proclamar el\nreinado de la libre concurrencia en el dominio\ndel conocimiento.\n\"Sin duda, se nos dirá las ideas religiosas,\nmorales, filosóficas, políticas y jurídicas, se\nhan modificado en el curso del\ndesenvolvimiento histórico. Pero la religión, la\nmoral, la filosofía, la política, el derecho, se\nsostienen siempre a través de esas\ntransformaciones.\n\"Hay, además, verdades eternas, tales como la\nlibertad, la justicia, etc., que son comunes a toda s\nlas condiciones sociales. Luego si el comunismo\naboliera estas verdades eternas, aboliría la religi ón\ny la moral en lugar de darles una forma nueva, y\neso contradiría todo el desenvolvimiento\nhistórico anterior\".\n¿A que se reduce esta objeción? La historia de\ntoda sociedad se resume en el desarrollo de los\nantagonismos de 1as clases, antagonismos que\nhan revestido diversas formas en las distintas\népocas.\nPero cualquiera que haya sido la forma\nrevestida por esos antagonismos, la\nexplotación de una parte de la sociedad por la\notra es un hecho común a todos los siglos\nanteriores. Por consiguiente, no tiene nada de\nasombroso que la conciencia social de todas\nlas edades a despecho de toda divergencia y\nde toda diversidad, se haya siempre movido\ndentro de ciertas formas comunes; formas de\nconciencia que no se disolverán\ncompletamente sino la definitiva desaparición\ndel antagonismo de las clases.\nLa revolución comunista es la ruptura más\nradical con las relaciones de propiedad\ntradicionales; nada de extraño es que en el\ncurso de su desenvolvimiento rompa de la\nmanera más radical con las ideas\ntradicionales.\nMas dejemos ahí las objeciones hechas por\nla burguesía al comunismo.\nComo hemos visto más arriba, la primera\netapa de 1a revolución obrera es la\nconstitución del proletariado en clase\ndirectora, la conquista del poder público por\nla democracia.\nEl proletariado se servirá de su supremacía\npolítica para arrancar poco a poco todo e1\ncapital a la burguesía, para centralizar todos\nlos instrumentos de producción en manos de1\nEstado, es decir, del proletariado organizado\nen clase directora, y para aumentar\nrápidamente la cantidad de fuerzas\nproductivas.\nEsto, naturalmente, no podrá cumplirse al\nprincipio sino por una violación despótica del\nderecho de propiedad y de las relaciones\nburguesas de producción, es decir, por la\nadopción de medidas que desde el punto de\nvista económico parecerán insuficientes e\ninsostenibles; pero que en el curso del\nmovimiento se sobrepasarán, y son\nindispensables como medio de trastornar por\ncompleto la producción.\nEstas medidas, entiéndase bien, serán\nmuy diferentes en los diversos países.\nSin embargo, para los países más\navanzados 1as medidas siguientes podrán ser\npuestas en práctica:\nl° Expropiación de la propiedad territorial y\naplicación de la renta a los gastos del Estado;\n2° Impuesto fuertemente progresivo;\n3° Abolición de la herencia;\n4° Confiscación de la propiedad de los\nemigrados y rebeldes;\n5° Centralización del crédito en manos del\nEstado por medio de un Banco nacional con\ncapital del Estado y con el monopolio\nexclusivo;\n6° Centralización en manos del Estado de\ntodos los medios de transporte;\n7° Multiplicación de las manufacturas\nnacionales y de los instrumentos de\nproducción, roturación de los terrenos\nincultos y mejoramiento de las tierras\ncultivadas según un sistema general;\n8° Trabajo obligatorio para todos,\norganización de ejércitos industriales,\nparticularmente para la agricultura;\n9° Combinación del trabajo agrícola y del\ntrabajo industrial, medidas encaminadas a\nhacer desaparecer gradualmente la distinción\nentre la ciudad y el campo, y\n10° Educación pública y gratuita de todos\nlos niños, abolición del trabajo de éstos en las\nfábricas tal como se practica hoy;\ncombinación de la educación con la\nproducción material, etcétera.\nUna vez desaparecidos los antagonismos\nde clases en el curso de su desenvolvimiento,\ny estando concentrada toda la producción en\nmanos de los individuos asociados, entonces\nperderá el Poder público su carácter político.\nEl Poder público, hablando propiamente, es el\nPoder organizado de una clase para la\nopresión de las otras. Si e1 proletariado, en\nsu lucha contra la burguesía, se constituye\nfuertemente en clase; si se erige por una\nrevolución en clase directora y como clase\ndirectora destruye violentamente las antiguas\nrelaciones de producción, destruye al mismo\ntiempo que estas relaciones de producción las\ncondiciones de existencia del antagonismo de\nlas clases, destruye las clases en general y,\npor lo tanto, su propia dominación como\nclase.\nEn substitución de la antigua sociedad\nburguesa, con sus clases y sus antagonismos de\nclases surgirá una asociación en que e1 libre\ndesenvolvimiento de cada uno será la condición\ndel libre desenvolvimiento de todos.\nIII LITERATURA SOCIALISTA Y\nCOMUNISTA\nI. EL SOCIALISMO REACCIONARIO\nA. El socialismo feudal\nPor su posición histórica, 1as aristocracias\nfrancesa e inglesa se vieron obligadas a\nlanzar libelos contra la sociedad burguesa. En\nla revolución francesa de l830, en el\nmovimiento reformista inglés, habían\nsucumbido una vez más bajo los golpes del\nodiado advenedizo. Para ellas, no podía ser\nen adelante cuestión de una lucha política\nseria. No les quedaba sino la lucha literaria.\nLuego, en el terreno literario también, la\nañeja fraseología de la Restauración, había\nllegado a ser inaplicable. Para crearse\nsimpatías era menester que la aristocracia\nfingiese perder de vista sus intereses propios\ny que formulara su acta de acusación contra\nla burguesía sólo en interés de la clase obrera\nexplotada. Dióse de esta suerte la\nsatisfacción de hacer canciones satíricas\nsobre su nuevo amo y de tararearle junto a\nlos oídos profecías preñadas de desastres.\nAsí nació el socialismo feudal, mezcla de\njeremiadas y payasadas, de ecos del pasado\ny de barruntos del porvenir. Si alguna vez su\ncritica mordiente y espiritual hiere a la\nburguesía en el corazón, su impotencia\nabsoluta para comprender la marcha de la\nhistoria moderna concluye siempre por hacer\nel ridículo.\nAguisa de bandera, estos señores\nenarbolaron la alforja del mendigo, a fin de\natraer al pueblo; pero cuando el pueblo\nacudió, advirtió que el dorso estaba ornado\ncon el viejo blasón feudal y se dispersó en\nmedio de grandes e irreverentes carcajadas.\nUna parte de los legitimistas franceses y la\nJoven Inglaterra han dado al mundo este\nespectáculo.\nCuando los campeones del feudalismo\ndemuestran que su modo de explotación era\ndistinto del de 1a burguesía olvidan una cosa,\ny es que aquél explotaba en condiciones por\ncompleto diferentes y hoy anticuadas.\nCuando advierten que bajo el régimen feudal\nno existía el proletariado moderno, olvidan\nque la burguesía es precisamente un retoño\nfatal de ese régimen.\nDisfrazan tan poco, por otra parte, el\ncarácter reaccionario de su crítica, que es el\nprincipal agravio que exponen contra la\nburguesía es precisamente haber creado bajo\nsu régimen una clase que hará saltar todo el\nantiguo orden social.\nAdemás, no es tanto el haber producido un\nproletariado, que imputan como un crimen a\nla burguesía, sino haber producido un\nproletariado revolucionario.\nEn la lucha política toman, pues, una parte\nactiva en todas las medidas de represión\ncontra la clase obrera. Y en su vida ordinaria,\na pesar de su fraseología hinchada, saben\nhumillarse para recoger los frutos de oro del\nárbol de la industria y trocar el honor, el\namor y la fidelidad por la lana, el azúcar de\nremolacha y el aguardiente.\nDel mismo modo que el cura y el señor feudal\nmarcharon siempre de la mano, el socialismo\nclerical marcha unido con el socialismo feudal.\nNada más fácil que recubrir con un barniz de\nsocialismo el ascetismo cristiano, ¿no se levantó\ntambién contra la propiedad privada, el\nmatrimonio y el Estado? Y en su lugar, ¿no ha\npredicado la caridad y la renunciación, el celibato\ny la mortificación de la carne, la vida monástica y\nla iglesia? El socialismo cristiano no es sino el\nagua bendita con que el clérigo consagra el\ndespecho de la aristocracia.\nB. El socialismo pequeño-burgués\nLa aristocracia feudal no es la única clase\narruinada por la burguesía, no es la única\nclase cuyas condiciones de existencia se\ndebilitan y caducan en la sociedad burguesa\nmoderna. Los pequeños burgueses y los\npequeños agricultores de la Edad Media\nfueron los precursores de la burguesía\nmoderna. En los países donde el comercio y\nla industria están poco desarrollados esta\nclase continúa vegetando al lado de la\nburguesía floreciente.\nEn los países donde se extiende la\ncivilización moderna se ha formado una\nnueva clase de pequeños burgueses que\noscila entre el proletariado y la burguesía.\nParte complementaria de la sociedad\nburguesa, se reconstituye sin cesar; pero los\nindividuos que la componen se ven\ncontinuamente precipitados en el proletariado\npor causa de la competencia, y, lo que es\nmás, con la marcha progresiva de la gran\nindustria ven aproximarse el momento en\nque desaparecerán completamente como\nfracción independiente de la sociedad\nmoderna, y en que serán reemplazados en el\ncomercio, la manufactura y la agricultura por\ncontramaestres y criados.\nEn países como Francia, donde los\ncampesinos constituyen bastante más de la\nmitad de la población, los escritores que\nadoptaban la causa del proletariado contra la\nburguesía debían naturalmente criticar el\nrégimen burgués y defender al partido obrero\ndesde el punto de vista del pequeño burgués\ny del labrador. Así se formó el socialismo\npequeño-burgués. Sismondi es el jefe de esta\nliteratura, tanto en Inglaterra como en\nFrancia.\nEste socialismo analizó con mucha\npenetración las contradicciones inherentes a\nlas relaciones de producción modernas. Puso\nal desnudo 1as hipócritas apologías de los\neconomistas. Demostró de una manera\nirrefutable los efectos mortíferos del\nmaquinismo y de la división del trabajo, la\nconcentración de los capitales y de la\npropiedad territorial, la sobreproducción, las\ncrisis, la fatal decadencia de los pequeños\nburgueses y de los agricultores, la miseria\nde1 proletariado, la anarquía en la\nproducción, las crisis, la fatal decadencia de\ndistribución de las riquezas, la guerra de\nexterminio industrial de las naciones entre sí,\nla disolución de las añeja costumbres, de las\nantiguas relaciones de familia, de las viejas\nnacionalidades.\nEl fin positivo, no obstante, de este\nsocialismo de pequeños burgués es, ya\nreestablecer los antiguos medios de\nproducción y de cambio, y con ellos las\nantiguas relaciones de propiedad y toda la\nsociedad antigua, ya introducir por la fuerza\nlos medios modernos de producción y de\ncambio en el cuadro estrecho de las antiguas\nrelaciones de propiedad que han sido rotas,\nfatalmente rotas, por ellos. En uno y otro\ncaso, este socialismo es a la vez reaccionario\ny utópico.\nPara la manufactura, el sistema de\nCorporaciones; para la agricultura, el régimen\npatriarcal; he ahí su última palabra.\nFinalmente, en su último desarrollo esta\ntendencia se ha abandonado a una indignante\nmelancolía.\nC. El socialismo alemán o socialismo\n\"verdadero\"\nLa literatura socialista y comunista de\nFrancia, que nace bajo la presión de una\nburguesía dominante y es la expresi6n\nliteraria de la rebelión contra este régimen,\nfue introducida en Alemania en el momento\nen que la burguesía comenzaba su lucha\ncontra el absolutismo feudal.\nFilósofos, semifilósofos y pretenciosos\nalemanes se echaron ávidamente sobre esta\nliteratura; pero olvidaron que con la\nimportación de la literatura francesa en\nAlemania no habían sido importadas al mismo\ntiempo las condiciones sociales de Francia.\nRelativamente a las condiciones alemanas, la\nliteratura francesa perdió toda significación\npráctica inmediata y tomó un carácter\npuramente literario. Debía parecer más bien\nuna especulación ociosa sobre la realización\nde la naturaleza humana. De este modo, para\nlos filósofos alemanes del siglo XVIII las\nreivindicaciones de la primera revolución\nfrancesa no eran sino las reivindicaciones de\nla \"razón práctica\" en general, y las\nmanifestaciones de la voluntad de los\nburgueses revolucionarios de Francia no\nexpresaban a sus ojos sino las leyes de la\nvoluntad pura, de 1a voluntad tal como debe\nser, de la verdadera voluntad humana.\nEl trabajo propio de los literatos alemanes\nse redujo a poner de acuerdo las nuevas\nideas francesas con su vieja conciencia\nfilosófica, o cuando más a apropiarse las\nideas francesas adaptándolas a sus opiniones\nfilosóficas.\nSe las apropiaron como se asimila una\nlengua extranjera: por la traducción.\nSe sabe cómo los frailes superpusieron\nsobre los manuscritos de las obras clásicas\ndel viejo paganismo las absurdas leyendas\nsagradas del catolicismo. Los literatos\nalemanes procedieron inversamente con\nrespecto a la literatura francesa. Deslizaron\nsus disparates filosóficos bajo el original\nfrancés. Por ejemplo: bajo la critica francesa\nde las funciones del dinero escribían:\n\"enajenación del ser humano\" ; bajo la crítica\nfrancesa del Estado burgués decían:\n\"eliminación del poder de la universalidad\nabstracta\", y así sucesivamente.\nLa adición de esta fraseología filosófica a\nlos descubrimientos franceses la bautizaron\nasí: \"filosofía de la acción\", \"socialismo\nverdadero\", \"ciencia alemana del socialismo\",\n\"base filosófica de1 socialismo\", etc.\nDe esa manera se castró completamente\nla literatura socialista y comunista francesa. Y\ncomo en manos de los alemanes dejó de ser\nla expresión de la lucha de una clase contra\notra, nuestras gentes se felicitaron de estar\ncolocadas por encima de la estrechez\nfrancesa y de haber defendido, no sólo\nverdaderas necesidades, sino \"la necesidad\nde lo verdadero\" ; no sólo los intereses del\nproletariado, sino los intereses del ser\nhumano, del hombre en general, del hombre\nque no pertenece a ninguna clase ni a\nninguna realidad y que no existe sino en e1\ncielo brumoso de la fantasía filosófica.\nEste socialismo alemán, que tomaba tan\nsolemnemente en serio sus torpes ejercicios\nde escolar y que los trompeaba con tanto\nestrépito charlatanesco, perdió, sin embargo,\npoco a poco su inocencia pedantesca.\nLa lucha de la burguesía alemana y\nprincipalmente de la burguesía prusiana,\ncontra la monarquía absoluta y feudal, en una\npalabra, el movimiento liberal, resultó más\nserio.\nDe esta suerte, el verdadero socialismo\nhalló la ocasión tan deseada de confrontar las\nreinvindicaciones socialistas con el\nmovimiento político. Pudo lanzar los\nanatemas tradicionales contra el liberalismo,\ncontra el régimen representativo, contra la\nconcurrencia burguesa, contra la libertad\nburguesa de la prensa, contra el derecho\nburgués, contra la libertad y la igualdad\nburguesas; pudo predicar a las masas que\nellas no tenían nada que ganar, sino, al\ncontrario, perderlo todo, en este movimiento\nburgués. El socialismo alemán olvidó a ese\npropósito que la crítica francesa, de la cual\nera un simple eco, presuponía la sociedad\nburguesa moderna, con las condiciones\nmateriales de existencia que corresponden y\nuna constitución política adecuada; cosas que\ntodavía Alemania se trataba precisamente de\nconquistar.\nPara los Gobiernos absolutos de Alemania,\ncon su cortejo de clérigos, de pedagogos, de\nhidalgos rapaces y de burócratas, este\nsocialismo se convirtió en el espantajo\nsoñado contra la burguesía amenazante.\nCompletó, por su hipocresía dulzarrona,\nlos latigazos y los tiros que esos mismos\nGobiernos administraron duramente a los\nobreros alemanes en rebeldía.\nSi el verdadero socialismo se convirtió de\nese modo en un arma en manos de los\nGobiernos, representaba directamente, por\notra parte, un interés reaccionario, el interés\ndel pequeño burgués. La clase de los\npequeños burgueses, legada por el siglo XVI,\ny desde entonces sin cesar renaciendo bajo\ndiversas formas, constituye para Alemania la\nverdadera base social del orden establecido.\nMantenerla es conservar en Alemania este\norden establecido. La supremacía industrial y\npolítica de la burguesía amenaza a esta clase\nde destrucción cierta: de una parte, por la\nconcentración de capitales, y de otra, por el\ndesarrollo de un proletariado revolucionario.\nAl verdadero socialismo le pareció que podía\nmatar dos pájaros de un tiro. Propagóse\ncomo una epidemia.\nEl vestido tejido con los hilos inmateriales\nde la especulación, bordado de flores\nretóricas y bañado por un rocío sentimental,\nropaje trascendente en el cual los socialistas\nalemanes envolvieron sus secas \"verdades\neternas\", no hizo sino activar la venta de su\nmercancía entre semejante público.\nPor su parte, el socialismo alemán\ncomprendió más bien que su vocación era\nerigirse en el representante pomposo de esta\npequeña burguesía.\nProclamó que la nación alemana era la\nnación normal y el filisteo alemán el hombre\nnormal. A todas las infamias de este hombre\nnormal 1es dio un sentido oculto, un sentido\nsuperior y socialista que las transfiguraban\ncompletamente. Fue hasta el fin,\nlevantándose contra la tendencia\n\"brutalmente destructiva\" del Comunismo y\ndeclarando que imparcialmente se cernía por\nencima de todas las luchas de clases. Casi sin\nexcepciones, todas las publicaciones llamadas\nsocialistas o comunistas que circulan en\nAlemania (1847) pertenecen a esta sucia y\nenervante literatura.\n2. EL SOCIALISMO CONSERVADOR O\nBURGUES\nUna parte de la burguesía busca remediar\nlos males sociales, con el propósito de\nconsolidar la sociedad burguesa.\nEn esta categoría colocan los economistas,\nlos filántropos, los humanitarios, los\nmejoradores de la suerte de la clase obrera,\nlos organizadores de la beneficencia, los\nprotectores de los animales, los fundadores\nde sociedades de templanza, los\nreformadores de todo pelaje. Y se ha llegado\nhasta elaborar este socialismo en sistemas\ncompletos.\nCitemos como ejemplo la Filosofía de la\nMiseria, de Proudhón.\nLos socialistas burgueses quieren 1as\ncondiciones de vida de la sociedad moderna\nsin las luchas y los daños que de ella resultan\nfatalmente. Quieren la sociedad actual; pero\ncon eliminación de los elementos que la\nrevolucionan y la disuelven. Quieren la\nburguesía sin el proletariado. La burguesía,\ncomo es natural se representa el mundo en\nque ella domina como el mejor mundo de los\nmundos posibles. El socialismo burgués\nelabora más o menos sistemáticamente esta\nrepresentación consoladora. Cuando requiere\nal proletariado para realizar sus sistemas y\nhacer su entrada en la Nueva Jerusalén, no\nhace otra cosa, en el fondo, que inducirle a\ncontinuar en la sociedad actual, pero\ndespojándose de la concepción rencorosa que\nse ha formado de ella.\nOtra forma de socialismo, menos\nsistemática, pero más práctica, intenta\napartar a los obreros de todo movimiento\nrevolucionario, demostrándoles que no es tal\no cual cambio político el que podrá\nbeneficiarlos, sino solamente una\ntransformación de las relaciones de la vida\nmaterial y de las condiciones económicas.\nNótese que por transformación de las\nrelaciones de la vida material este socialismo\nno entiende en modo alguno la abolición de\n1as relaciones de producción burguesa, sino\núnicamente reformas administrativas\nrealizadas sobre la base misma de la\nproducción burguesa, que por tanto no\nafecten a las relaciones entre el capital y el\nasalariado, y que no harán, cuando más, sino\ndisminuir los gastos y simplificar el trabajo\nadministrativo del Gobierno burgués.\nEl socialismo burgués no alcanza su\nexpresión adecuada sino cuando se convierte\nen simple figura retórica.\n¡Libre cambio en interés de la clase\nobrera! ¡Derechos protectores en interés de\nla clase obrera! ¡Prisiones celulares en interés\nde la clase obrera! He aquí la última palabra\ndel socialismo burgués, la única que ha dicho\nseriamente.\nPorque el socialismo burgués se resume\npor completo en esta afirmación: los\nburgueses son burgueses en interés de la\nclase obrera.\n3. EL SOCIALISMO Y EL COMUNISMO\nCRITICO - UTOPICO\nNo se trata aquí de la literatura que en todas\n1as grandes revoluciones modernas ha formulado\nlas reivindicaciones del proletariado (los escritos\nde Babeuf, etc.).\nLas primeras tentativas directas del\nproletariado para hacer prevalecer sus\npropios intereses de clase, hechas en tiempos\nde efervescencia general, en el período del\nderrumbamiento de la sociedad feudal,\nfracasaron necesariamente, tanto por el\nestado embrionario del mismo proletariado\ncomo por ausencia de las condiciones\nmateriales de su emancipación, condiciones\nque no podían ser producidas sino después\ndel advenimiento de la burguesía. La\nliteratura revolucionaria que acompaña a\nestos primeros movimientos del proletariado\ntiene forzosamente un contenido\nreaccionario. Preconiza un ascetismo general\ny un grosero igualitarismo.\nLos sistemas socialistas y comunistas\npropiamente dichos, los sistemas de Saint-\nSimon, de Fourier, de Owen, etc., hacen su\naparición en el primer período de la lucha\nentre el proletariado y la burguesía, período\ndescrito anteriormente. (Véase Burgueses y\nproletarios).\nLos inventores de estos sistemas se dieron\ncuenta del antagonismo de las clases, así\ncomo de la acción de los elementos\ndisolventes en la sociedad dominante. Pero\nno advierten del lado del proletariado ninguna\nindependencia histórica, ningún movimiento\npolítico que le sea propio.\nComo el desarrollo del antagonismo de las\nclases marcha al par con el desarrollo de la\nindustria, no advierten de antemano las\ncondiciones materiales de la emancipación del\nproletariado, y se aventuran en busca de una\nciencia social, de leyes sociales, con el fin de\ncrear esas condiciones.\nA la actividad social anteponen su propio\ningenio; a las condiciones históricas de la\nemancipación, condiciones fantásticas; a la\norganización gradual y espontánea del\nproletariado en clase, una organización\ncompleta fabricada por ellos. El porvenir del\nmundo se decide con la propaganda y la\npráctica de sus planes de sociedad.\nEn la confección de sus planes, sin\nembargo, tienen la conciencia de defender\nante todo los intereses de la clase obrera, por\nser la clase que más sufre. El proletariado no\nexiste para ellos sino bajo el aspecto de la\nclase que más padece.\nPero la forma rudimentaria de la lucha de\nlas clases, así como su propia posición social,\nles lleva a considerarse muy por encima de\ntodo antagonismo de clases. Desean mejorar\nlas condiciones materiales de la vida para\ntodos los miembros de la sociedad, hasta\npara los más privilegiados. Por consecuencia,\nno cesan de apelar a la sociedad entera sin\ndistinción, y más bien se dirigen con\npreferencia a la clase dominante. Porque,\nademás, basta comprender su sistema para\nreconocer que es el mejor de todos los planes\nposibles de la mejor de las sociedades\nposibles.\nRepudian toda acción política, y sobre\ntodo, toda acción revolucionaria, y se\nproponen alcanzar su objeto por medios\npacíficos y ensayando abrir camino al nuevo\nevangelio social por 1a fuerza del ejemplo,\npor las experiencias en pequeño, condenadas\nde antemano al fracaso.\nLa pintura fantástica de la sociedad futura\nen una época en que el proletariado, poco\ndesarrollado todavía, considera su propia\nsituación de una manera también fantástica,\ncorresponde a las primeras aspiraciones\ninstintivas de los obreros hacía una completa\ntransformación de la sociedad.\nMas los escritos socialistas y comunistas\nencierran también elementos críticos. Atacan\na la sociedad actual en sus bases. Han\nprovisto en su tiempo, por consecuencia, de\nmateriales de un gran valor para instruir a los\nobreros. Sus proposiciones positivas\nreferentes a la sociedad futura, tales como la\ndesaparición del conflicto entre la ciudad y el\ncampo, la abolición de la familia, de la\nganancia privada y del trabajo asalariado, la\nproclamación de 1a armonía social y la\ntransformación del Estado en una simple\nadministración de la producción; todas estas\nproposiciones no hacen sino anunciar la\ndesaparición del antagonismo de las clases,\nantagonismo que comienza solamente a\ndibujarse y del que los inventores de\nsistemas no conocen todavía sino las\nprimeras formas indistintas y confusas. Así,\nestas proposiciones no tienen más que un\nsentido puramente utópico.\nLa importancia del socialismo y del\ncomunismo crítico-utópico está en razón\ninversa del desarrollo histórico. A medida que\nla lucha de las clases se acentuá y toma\nforma, el fantástico desdén que inspira, esa\nfantástica oposición que se la hace, pierde\ntodo valor práctico, toda justificación teórica.\nHe ahí por qué si en muchos aspectos los\nautores de esos sistemas eran\nrevolucionarios, las sectas formadas por sus\ndiscípulos son siempre reaccionarias, pues\nsus secuaces se obstinan en oponer las viejas\nconcepciones de su maestro a la evolución\nhistórica del proletariado. Buscan, pues, y en\nesto son lógicos, entorpecer la lucha de las\nclases y conciliar los antagonismos.\nContinúan soñando con la realización\nexperimental de sus utopías sociales:\nestablecimiento de falansterios aislados,\ncreación de colonias interiores, fundación de\nuna pequeña Icaria, edición en dozavo de la\nNueva Jerusalén; y para la construcción de\ntodos estos castillos en el aire se ven\nforzados a hacer llamamientos al corazón y a\nla bolsa de los filántropos burgueses. Poco a\npoco caen en la categoría de los socialistas\nreaccionarios o conservadores descritos más\narriba y no se distinguen más que por una\npedantería más sistemática y una fe\nsupersticiosa y fanática en la eficacia\nmaravillosa de su ciencia social.\nOpónense, pues, can encarnizamiento a\ntoda acción política de la clase obrera, pues\nsemejante acción no puede provenir, a su\njuicio, sino de una ciega falta de fe en e1\nnuevo evangelio.\nLos owenistas en Inglaterra y los furieristas en\nFrancia reaccionan, unos, contra los cartistas, y\notros, contra los reformistas.\nIV POSICION DE LOS COMUNISTAS\nANTE LOS DIFERENTES\nPARTIDOS DE OPOSICION\nDespués de lo que hemos dicho en el\ncapítulo II, la posición de los comunistas ante\nlos partidos obreros ya constituidos se explica\npor sí misma, y por tanto su posición ante los\ncartistas en Inglaterra y los reformadores\nagrarios en América del Norte.\nCombaten por los intereses y los fines\ninmediatos de la clase obrera; pero en el\nmovimiento presente defienden y representan\nal propio tiempo el porvenir del movimiento.\nEn Francia, los comunistas se suman al\npartido demócrata-socialista contra la\nburguesía conservadora y radical,\nreservándose, sin embargo, el derecho de\ncriticar las frases y las ilusiones legadas por\nla tradición revolucionaria.\nEn Suiza apoyan a los radicales, sin\ndesconocer que este partido se compone de\nelementos contradictorios, mitad demócratas\nsocialistas en la acepción francesa de la\npalabra, mitad burgueses radicales.\nEn Polonia, los comunistas sostienen al\npartido que ve en una revolución agraria la\ncondición de la manumisión nacional; es\ndecir, el partido que hizo en 1846 la\ninsurrección de Cracovia.\nEn Alemania, el partido comunista lucha de\nacuerdo con la burguesía actúa tantas veces\ncomo la burguesía actúa revolucionariamente\ncontra la monarquía absoluta, la propiedad\nterritorial feudal y la pequeña burguesía.\nPero jamás, en ningún momento, se olvida\neste partido de despertar entre los obreros\nuna conciencia clara y limpia del antagonismo\nprofundo que existe entre la burguesía y el\nproletariado, a fin de que cuando llegue la\nhora los obreros alemanes sepan convertir las\ncondiciones sociales y políticas creadas por el\nrégimen burgués en otras tantas armas\ncontra la burguesía; a fin de que tan pronto\nsean destruidas las clases reaccionarias de\nAlemania la lucha pueda empeñarse contra la\nmisma burguesía.\nHacia Alemania, sobre todo, se concentra\nla atención de los comunistas, porque\nAlemania se encuentra en vísperas de una\nrevolución burguesa y porque realizará esta\nrevolución en las condiciones más avanzadas\nde la civilización europea y con un\nproletariado infinitamente más desarrollado\nque los de Inglaterra y Francia en los siglos\nXVII y XVIII, y por consecuencia la revolución\nburguesa alemana no podrá ser sino el\npreludio de una revolución proletaria\ninmediata.\nEn suma, los comunistas apoyan en los\ndiferentes países todo movimiento\nrevolucionario contra el estado de cosas\nsocia1 y político existente.\nEn todos estos movimientos ponen por\ndelante la cuestión de la propiedad,\ncualquiera que sea la forma más o menos\ndesarrollada que revista, como la cuestión\nfundamental del movimiento.\nEn fin, los comunistas trabajan por la\nunión y la cordialidad de los partidos\ndemocráticos de todos los países.\nLos comunistas no se cuidan de disimular\nsus opiniones y sus proyectos. Proclaman\nabiertamente que sus propósitos no pueden\nser alcanzados sino por el derrumbamiento\nviolento de todo el orden social tradicional.\n¡Que las clases directoras tiemblen ante la\nidea de una revolución comunista! Los\nproletarios no pueden perder más que sus\ncadenas. Tienen, en cambio, un mundo por\nganar.\n¡PROLETARIOS DE TODOS LOS PAISES,\nUNIOS!"
}